,State Name,Dist Name,Annual Rainfall(mm),NITROGEN SHARE IN NPK (Percent),PHOSPHATE SHARE IN NPK (Percent),POTASH SHARE IN NPK (Percent),Avg Max Temp,Avg Min Temp,Latitude,Longitude,best_crop,Soil_type
10,Chhattisgarh,Raipur,1388.0,58.0,29.2,12.8,32.52,21.12,21.2,81.7,MAIZE,USTALF/USTOLLS 
11,Chhattisgarh,Raipur,1388.0,63.9,30.9,5.2,32.97,21.54,21.2,81.7,RICE,USTALF/USTOLLS 
12,Chhattisgarh,Raipur,1388.0,56.9,33.2,9.9,32.48,21.11,21.2,81.7,MAIZE,USTALF/USTOLLS 
13,Chhattisgarh,Raipur,1388.0,68.3,24.7,7.0,32.92,21.5,21.2,81.7,MAIZE,USTALF/USTOLLS 
14,Chhattisgarh,Raigarh,1628.0,66.6,29.4,4.0,31.53,21.41,21.9,83.4,WHEAT,USTALF/USTOLLS 
15,Chhattisgarh,Raigarh,1628.0,65.8,29.6,4.6,31.73,21.54,21.9,83.4,MAIZE,USTALF/USTOLLS 
16,Chhattisgarh,Raigarh,1628.0,66.4,28.1,5.6,31.38,21.29,21.9,83.4,MAIZE,USTALF/USTOLLS 
17,Chhattisgarh,Raigarh,1628.0,64.4,26.8,8.7,31.69,21.58,21.9,83.4,WHEAT,USTALF/USTOLLS 
18,Chhattisgarh,Raigarh,1628.0,64.0,28.5,7.4,31.81,21.76,21.9,83.4,WHEAT,USTALF/USTOLLS 
19,Chhattisgarh,Surguja,1406.0,49.9,41.4,8.7,29.82,18.36,23.1,83.2,RICE,USTALF/USTOLLS 
20,Chhattisgarh,Surguja,1406.0,53.0,40.1,7.0,30.06,18.24,23.1,83.2,MAIZE,USTALF/USTOLLS 
21,Chhattisgarh,Surguja,1406.0,69.7,24.6,5.7,29.49,17.93,23.1,83.2,MAIZE,USTALF/USTOLLS 
22,Chhattisgarh,Surguja,1406.0,54.9,29.3,15.7,29.63,18.0,23.1,83.2,RICE,USTALF/USTOLLS 
23,Chhattisgarh,Surguja,1406.0,61.1,29.4,9.5,29.68,18.12,23.1,83.2,MAIZE,USTALF/USTOLLS 
24,Madhya Pradesh,Jabalpur,1447.0,59.4,36.7,3.9,31.79,18.85,23.0,80.0,SUGARCANE,VERTIC SOILS 
25,Madhya Pradesh,Jabalpur,1447.0,62.0,33.7,4.3,31.89,18.95,23.0,80.0,SUGARCANE,VERTIC SOILS 
26,Madhya Pradesh,Jabalpur,1447.0,71.9,27.5,0.6,31.44,18.5,23.0,80.0,SUGARCANE,VERTIC SOILS 
27,Madhya Pradesh,Jabalpur,1447.0,69.7,28.4,1.9,32.25,19.31,23.0,80.0,MAIZE,VERTIC SOILS 
28,Madhya Pradesh,Jabalpur,1447.0,71.3,26.6,2.1,32.0,19.57,23.0,80.0,SUGARCANE,VERTIC SOILS 
29,Madhya Pradesh,Balaghat,1474.0,57.9,39.4,2.8,31.21,18.96,22.1,80.6,SUGARCANE,VERTIC SOILS 
30,Madhya Pradesh,Balaghat,1474.0,64.8,33.3,1.9,31.39,19.13,22.1,80.6,SUGARCANE,VERTIC SOILS 
31,Madhya Pradesh,Balaghat,1474.0,54.0,42.8,3.1,30.99,18.73,22.1,80.6,SUGARCANE,VERTIC SOILS 
32,Madhya Pradesh,Balaghat,1474.0,59.3,38.4,2.3,31.74,19.48,22.1,80.6,SUGARCANE,VERTIC SOILS 
33,Madhya Pradesh,Balaghat,1474.0,58.6,38.7,2.8,31.42,19.79,22.1,80.6,SUGARCANE,VERTIC SOILS 
34,Madhya Pradesh,Chhindwara,1094.0,64.4,26.7,8.9,30.85,18.89,22.1,79.0,SUGARCANE,VERTIC SOILS 
35,Madhya Pradesh,Chhindwara,1094.0,66.9,27.0,6.1,30.84,18.88,22.1,79.0,SUGARCANE,VERTIC SOILS 
36,Madhya Pradesh,Chhindwara,1094.0,72.8,23.5,3.8,30.39,18.43,22.1,79.0,SUGARCANE,VERTIC SOILS 
37,Madhya Pradesh,Chhindwara,1094.0,66.6,27.2,6.3,31.35,19.4,22.1,79.0,SUGARCANE,VERTIC SOILS 
38,Madhya Pradesh,Chhindwara,1094.0,68.4,26.0,5.7,30.92,19.63,22.1,79.0,MAIZE,VERTIC SOILS 
43,Madhya Pradesh,Mandla,1425.0,71.6,27.0,1.4,31.25,18.15,25.0,88.1,SUGARCANE,VERTIC SOILS 
44,Madhya Pradesh,Mandla,1425.0,76.8,21.9,1.3,31.41,18.3,25.0,88.1,GROUNDNUT,VERTIC SOILS 
45,Madhya Pradesh,Mandla,1425.0,74.4,24.7,0.9,30.99,17.89,25.0,88.1,SUGARCANE,VERTIC SOILS 
46,Madhya Pradesh,Mandla,1425.0,68.1,30.7,1.2,31.71,18.61,25.0,88.1,SUGARCANE,VERTIC SOILS 
47,Madhya Pradesh,Mandla,1425.0,75.2,23.9,1.0,31.48,18.9,25.0,88.1,SUGARCANE,VERTIC SOILS 
48,Madhya Pradesh,Sagar,1395.0,46.3,50.4,3.3,31.6,19.79,23.9,78.8,BARLEY,VERTIC SOILS 
50,Madhya Pradesh,Sagar,1395.0,51.9,47.5,0.6,31.11,19.29,23.9,78.8,SUGARCANE,VERTIC SOILS 
51,Madhya Pradesh,Sagar,1395.0,55.2,43.8,1.0,32.3,20.49,23.9,78.8,SUGARCANE,VERTIC SOILS 
52,Madhya Pradesh,Sagar,1395.0,51.1,46.5,2.3,31.81,20.67,23.9,78.8,WHEAT,VERTIC SOILS 
53,Madhya Pradesh,Damoh,1218.0,53.6,44.5,1.9,32.08,19.55,24.1,79.6,WHEAT,VERTIC SOILS 
54,Madhya Pradesh,Damoh,1218.0,49.9,49.4,0.8,32.13,19.59,24.1,79.6,SUGARCANE,VERTIC SOILS 
55,Madhya Pradesh,Damoh,1218.0,56.7,43.1,0.2,31.68,19.14,24.1,79.6,SUGARCANE,VERTIC SOILS 
56,Madhya Pradesh,Damoh,1218.0,63.9,35.5,0.6,32.66,20.12,24.1,79.6,SUGARCANE,VERTIC SOILS 
58,Madhya Pradesh,Tikamgarh,1100.0,64.8,34.8,0.4,32.51,19.38,24.9,78.9,SUGARCANE,VERTIC SOILS 
59,Madhya Pradesh,Tikamgarh,1100.0,49.5,50.4,0.1,32.44,19.3,24.9,78.9,SUGARCANE,VERTIC SOILS 
60,Madhya Pradesh,Tikamgarh,1100.0,55.5,44.4,0.1,31.95,18.81,24.9,78.9,SUGARCANE,VERTIC SOILS 
61,Madhya Pradesh,Tikamgarh,1100.0,65.2,33.7,1.2,33.24,20.1,24.9,78.9,SUGARCANE,VERTIC SOILS 
62,Madhya Pradesh,Tikamgarh,1100.0,66.2,33.8,0.1,32.7,20.29,24.9,78.9,SUGARCANE,VERTIC SOILS 
63,Madhya Pradesh,Chhatarpur,1044.0,58.0,41.4,0.6,32.53,19.24,25.1,79.5,SUGARCANE,VERTIC SOILS 
64,Madhya Pradesh,Chhatarpur,1044.0,56.7,43.0,0.3,32.58,19.29,25.1,79.5,WHEAT,VERTIC SOILS 
65,Madhya Pradesh,Panna,1186.0,54.9,44.4,0.7,32.16,19.04,24.3,80.0,SUGARCANE,VERTIC SOILS 
66,Madhya Pradesh,Panna,1186.0,53.3,46.4,0.2,32.29,19.17,24.3,80.0,SUGARCANE,VERTIC SOILS 
67,Madhya Pradesh,Panna,1186.0,57.2,42.5,0.3,31.85,18.73,24.3,80.0,SUGARCANE,VERTIC SOILS 
69,Madhya Pradesh,Panna,1186.0,57.9,42.1,0.1,32.39,19.56,24.3,80.0,BARLEY,VERTIC SOILS 
71,Madhya Pradesh,Rewa,1079.0,62.7,36.9,0.4,32.47,19.68,24.5,81.3,WHEAT,VERTIC SOILS 
72,Madhya Pradesh,Sidhi,1174.0,63.2,36.2,0.6,31.63,19.57,24.3,82.0,BARLEY,USTALF/USTOLLS 
73,Madhya Pradesh,Sidhi,1174.0,63.6,35.8,0.6,32.04,19.5,24.3,82.0,SUGARCANE,USTALF/USTOLLS 
74,Madhya Pradesh,Sidhi,1174.0,68.3,31.2,0.5,31.52,19.27,24.3,82.0,SUGARCANE,USTALF/USTOLLS 
75,Madhya Pradesh,Sidhi,1174.0,65.2,34.0,0.7,31.83,19.28,24.3,82.0,WHEAT,USTALF/USTOLLS 
76,Madhya Pradesh,Sidhi,1174.0,63.9,35.8,0.3,32.04,19.45,24.3,82.0,BARLEY,USTALF/USTOLLS 
77,Madhya Pradesh,Satna,1138.0,58.8,40.0,1.2,32.15,19.12,24.6,80.1,RICE,VERTIC SOILS 
78,Madhya Pradesh,Satna,1138.0,57.3,42.0,0.7,32.33,19.21,24.6,80.1,SUGARCANE,VERTIC SOILS 
79,Madhya Pradesh,Satna,1138.0,68.6,31.1,0.3,31.92,18.87,24.6,80.1,WHEAT,VERTIC SOILS 
80,Madhya Pradesh,Satna,1138.0,65.0,33.5,1.5,32.15,19.0,24.6,80.1,WHEAT,VERTIC SOILS 
81,Madhya Pradesh,Satna,1138.0,64.9,34.5,0.6,32.37,19.19,24.6,80.1,WHEAT,VERTIC SOILS 
82,Madhya Pradesh,Shahdol,1335.0,58.9,40.6,0.6,31.65,19.15,23.5,81.1,RICE,VERTIC SOILS 
83,Madhya Pradesh,Shahdol,1335.0,63.0,35.4,1.6,31.84,19.31,23.5,81.1,WHEAT,VERTIC SOILS 
84,Madhya Pradesh,Shahdol,1335.0,60.8,38.1,1.1,31.44,18.93,23.5,81.1,SUGARCANE,VERTIC SOILS 
86,Madhya Pradesh,Shahdol,1335.0,63.7,35.5,0.8,31.86,19.39,23.5,81.1,MAIZE,VERTIC SOILS 
87,Madhya Pradesh,Gwalior,900.0,67.1,31.9,1.0,32.4,19.58,26.2,78.3,BARLEY,VERTIC SOILS 
88,Madhya Pradesh,Gwalior,900.0,66.0,33.1,0.9,32.19,19.72,26.2,78.3,WHEAT,VERTIC SOILS 
89,Madhya Pradesh,Gwalior,900.0,73.6,25.7,0.6,32.15,19.25,26.2,78.3,SUGARCANE,VERTIC SOILS 
90,Madhya Pradesh,Gwalior,900.0,73.9,25.6,0.5,32.17,19.48,26.2,78.3,WHEAT,VERTIC SOILS 
91,Madhya Pradesh,Gwalior,900.0,76.1,23.0,0.9,32.41,19.65,26.2,78.3,SUGARCANE,VERTIC SOILS 
92,Madhya Pradesh,Shivpuri,1179.0,53.3,45.6,1.1,32.45,19.07,24.6,77.5,WHEAT,VERTIC SOILS 
93,Madhya Pradesh,Shivpuri,1179.0,53.7,45.6,0.8,32.31,18.94,24.6,77.5,WHEAT,VERTIC SOILS 
94,Madhya Pradesh,Shivpuri,1179.0,58.2,40.0,1.9,31.97,18.59,24.6,77.5,WHEAT,VERTIC SOILS 
95,Madhya Pradesh,Shivpuri,1179.0,58.7,40.7,0.6,32.96,19.58,24.6,77.5,WHEAT,VERTIC SOILS 
96,Madhya Pradesh,Shivpuri,1179.0,57.7,41.2,1.1,32.64,19.74,24.6,77.5,SUGARCANE,VERTIC SOILS 
97,Madhya Pradesh,Guna,1222.0,58.8,40.3,0.9,32.68,19.1,24.7,77.3,BARLEY,VERTIC SOILS 
98,Madhya Pradesh,Guna,1222.0,54.8,44.9,0.3,32.44,18.85,24.7,77.3,WHEAT,VERTIC SOILS 
99,Madhya Pradesh,Guna,1222.0,62.7,37.0,0.3,32.1,18.51,24.7,77.3,WHEAT,VERTIC SOILS 
100,Madhya Pradesh,Guna,1222.0,64.5,35.3,0.2,33.5,19.91,24.7,77.3,WHEAT,VERTIC SOILS 
101,Madhya Pradesh,Datia,973.0,64.6,34.5,0.9,32.76,19.64,25.7,78.5,SUGARCANE,VERTIC SOILS 
102,Madhya Pradesh,Datia,973.0,65.8,32.3,2.0,32.69,19.7,25.7,78.5,SUGARCANE,VERTIC SOILS 
103,Madhya Pradesh,Datia,973.0,78.4,20.7,0.9,32.46,19.31,25.7,78.5,SUGARCANE,VERTIC SOILS 
104,Madhya Pradesh,Datia,973.0,75.9,24.0,0.1,32.68,19.61,25.7,78.5,SUGARCANE,VERTIC SOILS 
105,Madhya Pradesh,Datia,973.0,89.9,9.8,0.3,32.88,19.77,25.7,78.5,SUGARCANE,VERTIC SOILS 
106,Madhya Pradesh,Morena,927.0,70.0,29.7,0.3,32.35,19.93,25.1,76.7,RICE,VERTIC SOILS 
107,Madhya Pradesh,Morena,927.0,68.4,31.1,0.5,31.99,20.15,25.1,76.7,SUGARCANE,VERTIC SOILS 
108,Madhya Pradesh,Morena,927.0,79.1,20.2,0.7,32.14,19.57,25.1,76.7,SUGARCANE,VERTIC SOILS 
109,Madhya Pradesh,Morena,927.0,76.7,22.6,0.7,32.05,19.84,25.1,76.7,SUGARCANE,VERTIC SOILS 
110,Madhya Pradesh,Morena,927.0,78.6,20.8,0.5,32.27,20.02,25.1,76.7,WHEAT,VERTIC SOILS 
111,Madhya Pradesh,Bhind,1148.0,67.5,31.5,1.0,32.39,20.04,21.9,77.7,RICE,VERTIC SOILS 
112,Madhya Pradesh,Bhind,1148.0,60.2,39.5,0.3,32.1,20.33,21.9,77.7,WHEAT,VERTIC SOILS 
113,Madhya Pradesh,Bhind,1148.0,68.9,30.6,0.5,32.22,19.72,21.9,77.7,RICE,VERTIC SOILS 
114,Madhya Pradesh,Bhind,1148.0,71.2,28.6,0.2,32.14,19.99,21.9,77.7,WHEAT,VERTIC SOILS 
115,Madhya Pradesh,Bhind,1148.0,73.2,26.6,0.2,32.35,20.17,21.9,77.7,RICE,VERTIC SOILS 
116,Madhya Pradesh,Indore,1054.0,45.2,47.1,7.7,32.38,19.01,22.7,75.8,WHEAT,VERTIC SOILS 
117,Madhya Pradesh,Indore,1054.0,48.4,44.1,7.5,31.96,18.59,22.7,75.8,WHEAT,VERTIC SOILS 
118,Madhya Pradesh,Indore,1054.0,59.0,34.5,6.4,31.54,18.17,22.7,75.8,SUGARCANE,VERTIC SOILS 
119,Madhya Pradesh,Indore,1054.0,54.8,38.2,7.1,32.91,19.54,22.7,75.8,WHEAT,VERTIC SOILS 
120,Madhya Pradesh,Indore,1054.0,53.2,38.4,8.4,32.58,19.67,22.7,75.8,WHEAT,VERTIC SOILS 
121,Madhya Pradesh,Ratlam,1078.0,56.5,38.9,4.7,32.58,19.94,23.0,75.0,BARLEY,VERTIC SOILS 
122,Madhya Pradesh,Ratlam,1078.0,60.2,35.2,4.6,31.98,19.33,23.0,75.0,SUGARCANE,VERTIC SOILS 
123,Madhya Pradesh,Ratlam,1078.0,59.2,33.7,7.1,32.72,20.57,23.0,75.0,WHEAT,VERTIC SOILS 
124,Madhya Pradesh,Ujjain,1088.0,41.7,53.6,4.6,32.43,19.39,23.3,75.7,WHEAT,VERTIC SOILS 
125,Madhya Pradesh,Ujjain,1088.0,49.7,47.0,3.4,31.95,18.91,23.3,75.7,WHEAT,VERTIC SOILS 
126,Madhya Pradesh,Ujjain,1088.0,56.3,38.9,4.7,31.59,18.55,23.3,75.7,SUGARCANE,VERTIC SOILS 
127,Madhya Pradesh,Mandsaur,962.0,50.3,44.5,5.1,32.66,19.89,24.3,75.2,BARLEY,VERTIC SOILS 
128,Madhya Pradesh,Mandsaur,962.0,57.1,38.1,4.8,32.15,19.38,24.3,75.2,WHEAT,VERTIC SOILS 
129,Madhya Pradesh,Mandsaur,962.0,63.2,32.5,4.4,31.87,19.1,24.3,75.2,WHEAT,VERTIC SOILS 
130,Madhya Pradesh,Mandsaur,962.0,61.8,31.7,6.5,33.32,20.55,24.3,75.2,WHEAT,VERTIC SOILS 
131,Madhya Pradesh,Mandsaur,962.0,62.2,29.7,8.1,32.81,20.61,24.3,75.2,WHEAT,VERTIC SOILS 
132,Madhya Pradesh,Dewas,1079.0,52.1,43.5,4.4,33.12,19.79,22.6,76.4,WHEAT,VERTIC SOILS 
133,Madhya Pradesh,Dewas,1079.0,51.6,42.9,5.5,32.81,19.48,22.6,76.4,WHEAT,VERTIC SOILS 
134,Madhya Pradesh,Dewas,1079.0,59.2,36.8,4.0,32.35,19.02,22.6,76.4,SUGARCANE,VERTIC SOILS 
135,Madhya Pradesh,Dewas,1079.0,58.9,36.6,4.5,33.66,20.33,22.6,76.4,WHEAT,VERTIC SOILS 
136,Madhya Pradesh,Dewas,1079.0,58.0,35.7,6.3,33.25,20.48,22.6,76.4,WHEAT,VERTIC SOILS 
137,Madhya Pradesh,Dhar,915.0,56.2,39.3,4.5,33.44,20.13,22.5,75.0,WHEAT,VERTIC SOILS 
138,Madhya Pradesh,Dhar,915.0,58.4,37.0,4.6,32.94,19.63,22.5,75.0,WHEAT,VERTIC SOILS 
139,Madhya Pradesh,Dhar,915.0,63.4,32.9,3.8,32.61,19.3,22.5,75.0,MAIZE,VERTIC SOILS 
140,Madhya Pradesh,Dhar,915.0,59.5,34.6,5.8,33.95,20.64,22.5,75.0,WHEAT,VERTIC SOILS 
141,Madhya Pradesh,Dhar,915.0,63.0,31.9,5.1,33.71,20.75,22.5,75.0,SUGARCANE,VERTIC SOILS 
142,Madhya Pradesh,Jhabua,768.0,69.6,27.8,2.5,33.13,20.46,22.6,74.4,WHEAT,VERTIC SOILS 
143,Madhya Pradesh,Jhabua,768.0,72.5,25.3,2.3,32.53,19.86,22.6,74.4,SUGARCANE,VERTIC SOILS 
144,Madhya Pradesh,Jhabua,768.0,79.7,18.9,1.4,32.28,19.61,22.6,74.4,SUGARCANE,VERTIC SOILS 
145,Madhya Pradesh,Jhabua,768.0,74.7,22.0,3.3,33.65,20.97,22.6,74.4,WHEAT,VERTIC SOILS 
146,Madhya Pradesh,Jhabua,768.0,75.0,21.3,3.7,33.35,21.04,22.6,74.4,WHEAT,VERTIC SOILS 
147,Madhya Pradesh,Sehore,1169.0,54.1,43.6,2.3,32.54,19.77,22.9,77.1,SUGARCANE,VERTIC SOILS 
148,Madhya Pradesh,Sehore,1169.0,57.0,40.6,2.4,32.3,19.53,22.9,77.1,SUGARCANE,VERTIC SOILS 
149,Madhya Pradesh,Sehore,1169.0,61.6,36.9,1.5,31.91,19.14,22.9,77.1,SUGARCANE,VERTIC SOILS 
150,Madhya Pradesh,Sehore,1169.0,63.3,35.4,1.2,33.14,20.37,22.9,77.1,WHEAT,VERTIC SOILS 
151,Madhya Pradesh,Sehore,1169.0,61.0,37.5,1.5,32.61,20.52,22.9,77.1,RICE,VERTIC SOILS 
152,Madhya Pradesh,Raisen,1595.0,56.8,41.4,1.8,31.98,20.05,23.2,78.2,BARLEY,VERTIC SOILS 
153,Madhya Pradesh,Raisen,1595.0,59.0,40.2,0.8,31.84,19.91,23.2,78.2,WHEAT,VERTIC SOILS 
154,Madhya Pradesh,Raisen,1595.0,61.7,37.5,0.8,31.46,19.53,23.2,78.2,BARLEY,VERTIC SOILS 
155,Madhya Pradesh,Raisen,1595.0,61.4,37.8,0.8,32.62,20.7,23.2,78.2,SUGARCANE,VERTIC SOILS 
156,Madhya Pradesh,Raisen,1595.0,62.7,36.2,1.1,32.08,20.88,23.2,78.2,WHEAT,VERTIC SOILS 
157,Madhya Pradesh,Vidisha,1331.0,48.9,48.0,3.1,32.08,19.58,23.9,77.9,BARLEY,VERTIC SOILS 
158,Madhya Pradesh,Vidisha,1331.0,47.2,52.2,0.6,31.9,19.4,23.9,77.9,MAIZE,VERTIC SOILS 
160,Madhya Pradesh,Betul,1129.0,65.7,30.6,3.7,31.37,19.1,21.9,77.9,SUGARCANE,VERTIC SOILS 
161,Madhya Pradesh,Betul,1129.0,65.6,31.5,2.9,31.29,19.03,21.9,77.9,SUGARCANE,VERTIC SOILS 
162,Madhya Pradesh,Betul,1129.0,69.1,28.6,2.4,30.86,18.6,21.9,77.9,SUGARCANE,VERTIC SOILS 
163,Madhya Pradesh,Betul,1129.0,65.9,30.3,3.8,31.91,19.64,21.9,77.9,GROUNDNUT,VERTIC SOILS 
164,Madhya Pradesh,Betul,1129.0,70.3,25.4,4.3,31.5,19.86,21.9,77.9,SUGARCANE,VERTIC SOILS 
165,Madhya Pradesh,Rajgarh,1157.0,50.4,47.3,2.3,33.07,19.78,23.9,76.8,BARLEY,VERTIC SOILS 
166,Madhya Pradesh,Rajgarh,1157.0,53.2,44.7,2.1,32.77,19.48,23.9,76.8,SUGARCANE,VERTIC SOILS 
167,Madhya Pradesh,Shajapur,1117.0,42.2,53.6,4.3,32.65,19.47,23.4,76.4,WHEAT,VERTIC SOILS 
168,Madhya Pradesh,Shajapur,1117.0,49.1,47.0,3.8,32.34,19.16,23.4,76.4,SUGARCANE,VERTIC SOILS 
169,Madhya Pradesh,Shajapur,1117.0,48.3,47.5,4.2,31.92,18.75,23.4,76.4,SUGARCANE,VERTIC SOILS 
170,Madhya Pradesh,Shajapur,1117.0,47.6,47.2,5.2,33.31,20.13,23.4,76.4,WHEAT,VERTIC SOILS 
171,Madhya Pradesh,Shajapur,1117.0,45.2,49.3,5.6,32.77,20.26,23.4,76.4,WHEAT,VERTIC SOILS 
172,Madhya Pradesh,Hoshangabad,1385.0,62.2,35.6,2.2,32.06,19.91,22.8,77.8,WHEAT,VERTIC SOILS 
173,Madhya Pradesh,Hoshangabad,1385.0,63.9,34.7,1.4,31.92,19.77,22.8,77.8,WHEAT,VERTIC SOILS 
174,Madhya Pradesh,Hoshangabad,1385.0,68.0,31.3,0.7,31.52,19.37,22.8,77.8,SUGARCANE,VERTIC SOILS 
175,Madhya Pradesh,Hoshangabad,1385.0,65.1,33.6,1.3,32.6,20.44,22.8,77.8,WHEAT,VERTIC SOILS 
176,Madhya Pradesh,Hoshangabad,1385.0,67.3,31.0,1.7,32.1,20.63,22.8,77.8,SUGARCANE,VERTIC SOILS 
177,Andhra Pradesh,Srikakulam,1104.0,66.6,25.8,7.6,30.83,23.13,18.6,84.3,MAIZE,ORTHIDS 
178,Andhra Pradesh,Srikakulam,1104.0,70.1,21.6,8.3,31.24,23.43,18.6,84.3,MAIZE,ORTHIDS 
179,Andhra Pradesh,Srikakulam,1104.0,71.2,20.8,8.0,30.8,23.09,18.6,84.3,SUGARCANE,ORTHIDS 
180,Andhra Pradesh,Srikakulam,1104.0,67.4,19.3,13.3,31.14,23.29,18.6,84.3,SUGARCANE,ORTHIDS 
181,Andhra Pradesh,Srikakulam,1104.0,67.0,24.4,8.6,31.22,23.44,18.6,84.3,SUGARCANE,ORTHIDS 
182,Andhra Pradesh,Visakhapatnam,975.0,74.7,17.2,8.0,29.07,20.74,17.7,83.3,MAIZE,ORTHIDS 
183,Andhra Pradesh,Visakhapatnam,975.0,81.7,10.7,7.7,29.3,20.97,17.7,83.3,MAIZE,ORTHIDS 
184,Andhra Pradesh,Visakhapatnam,975.0,77.8,10.8,11.4,29.07,20.74,17.7,83.3,SUGARCANE,ORTHIDS 
185,Andhra Pradesh,Visakhapatnam,975.0,72.0,17.6,10.4,29.51,21.17,17.7,83.3,SUGARCANE,ORTHIDS 
186,Andhra Pradesh,Visakhapatnam,975.0,72.4,21.5,6.1,29.37,21.37,17.7,83.3,SUGARCANE,ORTHIDS 
187,Andhra Pradesh,East Godavari,1088.0,60.3,26.1,13.6,31.0,22.4,17.0,82.2,MAIZE,ORTHIDS 
188,Andhra Pradesh,East Godavari,1088.0,63.5,24.5,12.0,31.03,22.43,17.0,82.2,MAIZE,ORTHIDS 
189,Andhra Pradesh,East Godavari,1088.0,65.3,23.1,11.6,30.82,22.23,17.0,82.2,SUGARCANE,ORTHIDS 
190,Andhra Pradesh,East Godavari,1088.0,61.9,20.6,17.5,31.37,22.77,17.0,82.2,SUGARCANE,ORTHIDS 
191,Andhra Pradesh,East Godavari,1088.0,62.6,23.0,14.5,31.2,22.95,17.0,82.2,MAIZE,ORTHIDS 
192,Andhra Pradesh,West Godavari,1062.0,55.7,28.3,16.0,32.24,23.23,16.8,81.5,MAIZE,ORTHIDS 
193,Andhra Pradesh,West Godavari,1062.0,58.4,26.0,15.6,32.24,23.24,16.8,81.5,MAIZE,ORTHIDS 
194,Andhra Pradesh,West Godavari,1062.0,57.7,24.8,17.5,31.97,22.97,16.8,81.5,SUGARCANE,ORTHIDS 
195,Andhra Pradesh,West Godavari,1062.0,57.1,24.0,18.9,32.67,23.66,16.8,81.5,SUGARCANE,ORTHIDS 
196,Andhra Pradesh,West Godavari,1062.0,55.1,28.2,16.6,32.43,23.84,16.8,81.5,SUGARCANE,ORTHIDS 
197,Andhra Pradesh,Krishna,1065.0,59.5,30.8,9.8,32.93,23.5,16.2,81.1,MAIZE,ORTHIDS 
198,Andhra Pradesh,Krishna,1065.0,59.6,29.1,11.2,32.97,23.54,16.2,81.1,MAIZE,ORTHIDS 
199,Andhra Pradesh,Krishna,1065.0,64.3,25.0,10.7,32.62,23.19,16.2,81.1,SUGARCANE,ORTHIDS 
200,Andhra Pradesh,Krishna,1065.0,60.0,26.2,13.8,33.4,23.97,16.2,81.1,SUGARCANE,ORTHIDS 
201,Andhra Pradesh,Krishna,1065.0,59.6,28.1,12.3,33.17,24.12,16.2,81.1,SUGARCANE,ORTHIDS 
202,Andhra Pradesh,Guntur,704.0,59.1,33.0,7.9,33.72,23.48,16.6,79.6,MAIZE,ORTHIDS 
203,Andhra Pradesh,Guntur,704.0,64.4,28.5,7.1,33.82,23.59,16.6,79.6,MAIZE,ORTHIDS 
204,Andhra Pradesh,Guntur,704.0,67.5,27.2,5.3,33.39,23.16,16.6,79.6,SUGARCANE,ORTHIDS 
205,Andhra Pradesh,Guntur,704.0,64.8,26.7,8.5,34.18,23.95,16.6,79.6,MAIZE,ORTHIDS 
206,Andhra Pradesh,Guntur,704.0,60.0,31.6,8.4,34.0,24.08,16.6,79.6,SUGARCANE,ORTHIDS 
207,Andhra Pradesh,Kurnool,605.0,51.3,40.0,8.7,33.75,22.4,15.8,78.1,MAIZE,SANDY ALFISOL 
208,Andhra Pradesh,Kurnool,605.0,55.3,35.0,9.7,34.11,22.76,15.8,78.1,SUGARCANE,SANDY ALFISOL 
209,Andhra Pradesh,Kurnool,605.0,60.3,30.5,9.2,33.64,22.29,15.8,78.1,SUGARCANE,SANDY ALFISOL 
210,Andhra Pradesh,Kurnool,605.0,58.2,32.5,9.3,34.15,22.81,15.8,78.1,SUGARCANE,SANDY ALFISOL 
211,Andhra Pradesh,Kurnool,605.0,54.9,36.7,8.5,34.11,22.99,15.8,78.1,SUGARCANE,SANDY ALFISOL 
212,Andhra Pradesh,Kadapa YSR,748.0,46.7,37.1,16.1,33.83,23.03,14.5,78.8,MAIZE,SANDY ALFISOL 
213,Andhra Pradesh,Kadapa YSR,748.0,56.1,28.7,15.2,34.27,23.47,14.5,78.8,MAIZE,SANDY ALFISOL 
214,Andhra Pradesh,Kadapa YSR,748.0,60.1,30.1,9.8,33.9,23.09,14.5,78.8,MAIZE,SANDY ALFISOL 
215,Andhra Pradesh,Kadapa YSR,748.0,63.4,24.6,12.1,34.43,23.63,14.5,78.8,SUGARCANE,SANDY ALFISOL 
216,Andhra Pradesh,Kadapa YSR,748.0,60.7,28.1,11.2,34.08,23.67,14.5,78.8,SUGARCANE,SANDY ALFISOL 
217,Andhra Pradesh,Chittoor,697.0,61.6,26.1,12.3,31.98,21.48,13.5,78.5,MAIZE,SANDY ALFISOL 
218,Andhra Pradesh,Chittoor,697.0,65.8,22.7,11.5,32.44,21.94,13.5,78.5,MAIZE,SANDY ALFISOL 
219,Andhra Pradesh,Chittoor,697.0,67.0,19.6,13.4,32.21,21.7,13.5,78.5,SUGARCANE,SANDY ALFISOL 
220,Andhra Pradesh,Chittoor,697.0,68.5,19.9,11.6,32.65,22.15,13.5,78.5,SUGARCANE,SANDY ALFISOL 
221,Andhra Pradesh,Chittoor,697.0,69.8,21.5,8.7,32.22,22.13,13.5,78.5,SUGARCANE,SANDY ALFISOL 
222,Telangana,Hyderabad,704.0,0.0,0.0,0.0,32.69,21.26,17.5,78.5,SUGARCANE,SANDY ALFISOL 
223,Telangana,Nizamabad,909.0,66.12,25.61,8.26,32.72,21.02,18.1,78.1,MAIZE,VERTIC SOILS 
224,Telangana,Nizamabad,909.0,69.3,22.83,7.86,33.13,21.43,18.1,78.1,MAIZE,VERTIC SOILS 
225,Telangana,Nizamabad,909.0,65.22,25.1,9.68,33.51,22.03,18.1,78.1,SUGARCANE,VERTIC SOILS 
226,Telangana,Medak,835.0,63.55,28.37,8.08,32.09,20.91,17.6,78.0,SUGARCANE,SANDY ALFISOL 
227,Telangana,Medak,835.0,72.45,23.47,4.08,32.48,21.29,17.6,78.0,SUGARCANE,SANDY ALFISOL 
228,Telangana,Medak,835.0,74.42,21.39,4.19,32.76,21.74,17.6,78.0,SUGARCANE,SANDY ALFISOL 
232,Telangana,Nalgonda,763.0,60.49,32.78,6.73,33.99,22.61,17.1,79.3,SUGARCANE,SANDY ALFISOL 
233,Telangana,Nalgonda,763.0,67.09,26.38,6.53,34.25,22.87,17.1,79.3,SUGARCANE,SANDY ALFISOL 
234,Telangana,Nalgonda,763.0,66.19,26.55,7.26,34.42,23.36,17.1,79.3,SUGARCANE,SANDY ALFISOL 
235,Telangana,Warangal,925.0,64.24,27.56,8.2,33.12,22.04,18.0,79.6,MAIZE,SANDY ALFISOL 
236,Telangana,Warangal,925.0,72.65,20.5,6.85,33.36,22.28,18.0,79.6,MAIZE,SANDY ALFISOL 
237,Telangana,Warangal,925.0,67.77,22.8,9.42,33.56,22.99,18.0,79.6,SUGARCANE,SANDY ALFISOL 
241,Telangana,Karimnagar,880.0,67.65,25.65,6.7,33.22,21.75,18.4,79.0,SUGARCANE,VERTIC SOILS 
242,Telangana,Karimnagar,880.0,74.45,19.96,5.59,33.49,22.03,18.4,79.0,MAIZE,VERTIC SOILS 
243,Telangana,Karimnagar,880.0,71.96,20.02,8.02,33.83,22.75,18.4,79.0,SUGARCANE,VERTIC SOILS 
244,Telangana,Adilabad,992.0,58.67,34.67,6.66,33.21,21.26,19.4,79.3,MAIZE,VERTIC SOILS 
245,Telangana,Adilabad,992.0,67.98,24.71,7.31,33.5,21.55,19.4,79.3,MAIZE,VERTIC SOILS 
246,Telangana,Adilabad,992.0,70.76,23.63,5.61,33.81,22.34,19.4,79.3,SUGARCANE,VERTIC SOILS 
247,Karnataka,Kolar,734.0,51.0,35.3,13.7,30.11,19.13,13.1,78.1,SUGARCANE,SANDY ALFISOL 
248,Karnataka,Kolar,734.0,55.9,32.6,11.5,30.7,19.73,13.1,78.1,SUGARCANE,SANDY ALFISOL 
249,Karnataka,Kolar,734.0,59.1,29.6,11.3,30.51,19.53,13.1,78.1,MAIZE,SANDY ALFISOL 
250,Karnataka,Kolar,734.0,54.6,28.0,17.5,30.91,19.93,13.1,78.1,SUGARCANE,SANDY ALFISOL 
251,Karnataka,Kolar,734.0,57.5,30.1,12.4,30.46,19.89,13.1,78.1,MAIZE,SANDY ALFISOL 
252,Karnataka,Tumkur,563.0,52.8,37.8,9.4,30.54,19.31,13.4,77.1,SUGARCANE,SANDY ALFISOL 
253,Karnataka,Tumkur,563.0,67.3,22.9,9.8,31.16,19.93,13.4,77.1,SUGARCANE,SANDY ALFISOL 
254,Karnataka,Tumkur,563.0,59.8,30.5,9.7,30.96,19.73,13.4,77.1,SUGARCANE,SANDY ALFISOL 
255,Karnataka,Tumkur,563.0,57.1,29.4,13.5,31.24,20.01,13.4,77.1,SUGARCANE,SANDY ALFISOL 
256,Karnataka,Tumkur,563.0,58.9,28.2,12.9,31.11,20.1,13.4,77.1,SUGARCANE,SANDY ALFISOL 
257,Karnataka,Mysore,920.0,44.4,33.6,22.0,29.13,19.32,12.1,76.3,SUGARCANE,SANDY ALFISOL 
258,Karnataka,Mysore,920.0,54.6,20.8,24.6,29.64,19.83,12.1,76.3,SUGARCANE,SANDY ALFISOL 
259,Karnataka,Mysore,920.0,52.3,24.2,23.5,29.52,19.71,12.1,76.3,SUGARCANE,SANDY ALFISOL 
260,Karnataka,Mysore,920.0,53.0,25.1,21.9,29.79,19.98,12.1,76.3,SUGARCANE,SANDY ALFISOL 
261,Karnataka,Mysore,920.0,50.9,24.9,24.2,29.93,20.11,12.1,76.3,SUGARCANE,SANDY ALFISOL 
262,Karnataka,Mandya,674.0,56.7,27.4,15.9,30.01,19.18,12.8,77.8,SUGARCANE,SANDY ALFISOL 
263,Karnataka,Mandya,674.0,67.6,18.1,14.3,30.6,19.76,12.8,77.8,SUGARCANE,SANDY ALFISOL 
264,Karnataka,Mandya,674.0,69.5,18.1,12.4,30.49,19.65,12.8,77.8,SUGARCANE,SANDY ALFISOL 
265,Karnataka,Mandya,674.0,60.9,19.5,19.5,30.75,19.91,12.8,77.8,SUGARCANE,SANDY ALFISOL 
266,Karnataka,Mandya,674.0,65.3,20.8,13.9,30.73,20.0,12.8,77.8,SUGARCANE,SANDY ALFISOL 
267,Karnataka,Hassan,892.0,44.8,35.8,19.4,28.42,18.17,13.0,76.2,SUGARCANE,SANDY ALFISOL 
268,Karnataka,Hassan,892.0,53.5,24.1,22.4,28.88,18.63,13.0,76.2,SUGARCANE,SANDY ALFISOL 
269,Karnataka,Hassan,892.0,51.2,26.8,22.1,28.74,18.5,13.0,76.2,SUGARCANE,SANDY ALFISOL 
270,Karnataka,Hassan,892.0,49.8,26.4,23.8,28.96,18.72,13.0,76.2,SUGARCANE,SANDY ALFISOL 
271,Karnataka,Hassan,892.0,48.5,29.5,22.0,29.17,18.9,13.0,76.2,SUGARCANE,SANDY ALFISOL 
272,Karnataka,Shimoge,1045.0,50.6,35.2,14.2,29.09,18.95,13.9,75.6,SUGARCANE,SANDY ALFISOL 
273,Karnataka,Shimoge,1045.0,57.1,24.5,18.4,29.35,19.21,13.9,75.6,SUGARCANE,SANDY ALFISOL 
274,Karnataka,Shimoge,1045.0,55.5,27.6,17.0,29.29,19.15,13.9,75.6,SUGARCANE,SANDY ALFISOL 
275,Karnataka,Shimoge,1045.0,54.3,25.5,20.2,29.49,19.34,13.9,75.6,SUGARCANE,SANDY ALFISOL 
276,Karnataka,Shimoge,1045.0,49.4,32.0,18.6,29.81,19.62,13.9,75.6,SUGARCANE,SANDY ALFISOL 
277,Karnataka,Chickmagalur,2334.0,44.0,30.6,25.4,28.04,17.91,13.3,75.8,SUGARCANE,SANDY ALFISOL 
278,Karnataka,Chickmagalur,2334.0,45.2,24.1,30.7,28.38,18.24,13.3,75.8,SUGARCANE,SANDY ALFISOL 
279,Karnataka,Chickmagalur,2334.0,45.8,24.4,29.8,28.3,18.17,13.3,75.8,SUGARCANE,SANDY ALFISOL 
280,Karnataka,Chickmagalur,2334.0,43.3,22.6,34.2,28.52,18.39,13.3,75.8,SUGARCANE,SANDY ALFISOL 
281,Karnataka,Chickmagalur,2334.0,44.3,27.0,28.7,28.74,18.59,13.3,75.8,SUGARCANE,SANDY ALFISOL 
282,Karnataka,Chitradurga,654.0,51.1,37.7,11.2,31.1,20.07,14.2,76.4,SUGARCANE,SANDY ALFISOL 
283,Karnataka,Chitradurga,654.0,62.0,23.9,14.2,31.61,20.58,14.2,76.4,SUGARCANE,SANDY ALFISOL 
284,Karnataka,Chitradurga,654.0,58.0,30.7,11.3,31.41,20.39,14.2,76.4,SUGARCANE,SANDY ALFISOL 
285,Karnataka,Chitradurga,654.0,55.3,31.8,12.9,31.62,20.59,14.2,76.4,SUGARCANE,SANDY ALFISOL 
286,Karnataka,Chitradurga,654.0,54.5,33.9,11.6,31.65,20.77,14.2,76.4,SUGARCANE,SANDY ALFISOL 
287,Karnataka,Bellary,519.0,51.5,36.6,12.0,31.56,20.56,15.2,76.9,SUGARCANE,SANDY ALFISOL 
288,Karnataka,Bellary,519.0,60.7,25.9,13.4,32.0,21.0,15.2,76.9,SUGARCANE,SANDY ALFISOL 
289,Karnataka,Bellary,519.0,61.2,26.4,12.4,31.75,20.76,15.2,76.9,SUGARCANE,SANDY ALFISOL 
290,Karnataka,Bellary,519.0,60.0,26.2,13.8,31.96,20.96,15.2,76.9,SUGARCANE,SANDY ALFISOL 
291,Karnataka,Bellary,519.0,58.2,30.0,11.8,32.1,21.22,15.2,76.9,SUGARCANE,SANDY ALFISOL 
292,Karnataka,Dharwad,813.0,49.2,38.1,12.7,30.31,19.29,15.5,75.0,SUGARCANE,VERTIC SOILS 
293,Karnataka,Dharwad,813.0,49.4,31.3,19.3,30.68,19.66,15.5,75.0,SUGARCANE,VERTIC SOILS 
294,Karnataka,Dharwad,813.0,55.3,27.9,16.8,30.49,19.47,15.5,75.0,SUGARCANE,VERTIC SOILS 
295,Karnataka,Dharwad,813.0,52.5,30.1,17.5,30.6,19.58,15.5,75.0,SUGARCANE,VERTIC SOILS 
296,Karnataka,Dharwad,813.0,56.6,33.3,10.0,31.06,19.95,15.5,75.0,SUGARCANE,VERTIC SOILS 
297,Karnataka,Belgaum,1551.0,50.9,31.2,17.9,30.26,18.87,15.9,74.5,SUGARCANE,VERTIC SOILS 
298,Karnataka,Belgaum,1551.0,58.7,22.0,19.3,30.6,19.21,15.9,74.5,SUGARCANE,VERTIC SOILS 
299,Karnataka,Belgaum,1551.0,56.6,25.4,18.0,30.39,19.0,15.9,74.5,SUGARCANE,VERTIC SOILS 
300,Karnataka,Belgaum,1551.0,55.2,23.0,21.8,30.54,19.15,15.9,74.5,SUGARCANE,VERTIC SOILS 
301,Karnataka,Belgaum,1551.0,57.0,27.4,15.6,31.01,19.53,15.9,74.5,SUGARCANE,VERTIC SOILS 
302,Karnataka,Bidar,977.0,41.8,48.1,10.1,32.02,20.64,17.9,77.5,SUGARCANE,VERTIC SOILS 
303,Karnataka,Bidar,977.0,47.7,39.2,13.1,32.48,21.1,17.9,77.5,SUGARCANE,VERTIC SOILS 
304,Karnataka,Bidar,977.0,65.3,26.2,8.6,32.07,20.68,17.9,77.5,SUGARCANE,VERTIC SOILS 
305,Karnataka,Bidar,977.0,48.9,39.8,11.4,32.47,21.08,17.9,77.5,SUGARCANE,VERTIC SOILS 
306,Karnataka,Bidar,977.0,48.5,44.3,7.2,32.75,21.46,17.9,77.5,SUGARCANE,VERTIC SOILS 
317,Karnataka,Uttara Kannada,773.0,46.3,38.2,15.5,29.41,20.01,14.8,75.5,SUGARCANE,VERTIC SOILS 
318,Karnataka,Uttara Kannada,773.0,54.9,25.4,19.7,29.6,20.21,14.8,75.5,SUGARCANE,VERTIC SOILS 
319,Karnataka,Uttara Kannada,773.0,57.1,25.5,17.4,29.51,20.11,14.8,75.5,SUGARCANE,VERTIC SOILS 
320,Karnataka,Uttara Kannada,773.0,52.7,28.1,19.2,29.68,20.29,14.8,75.5,SUGARCANE,VERTIC SOILS 
321,Karnataka,Uttara Kannada,773.0,55.9,25.3,18.7,30.16,20.62,14.8,75.5,SUGARCANE,VERTIC SOILS 
322,Tamil Nadu,Salem,965.0,47.3,30.4,22.3,32.77,21.94,11.7,78.0,SUGARCANE,SANDY ALFISOL 
323,Tamil Nadu,Salem,965.0,51.2,27.5,21.3,33.21,22.37,11.7,78.0,SUGARCANE,SANDY ALFISOL 
324,Tamil Nadu,Salem,965.0,51.9,25.8,22.3,33.26,22.43,11.7,78.0,SUGARCANE,SANDY ALFISOL 
325,Tamil Nadu,Salem,965.0,54.2,23.0,22.8,33.44,22.61,11.7,78.0,SUGARCANE,SANDY ALFISOL 
326,Tamil Nadu,Salem,965.0,51.8,26.6,21.7,33.08,22.6,11.7,78.0,SUGARCANE,SANDY ALFISOL 
327,Tamil Nadu,Coimbatore,612.0,42.9,24.8,32.3,30.04,20.64,11.0,77.0,SUGARCANE,SANDY ALFISOL 
328,Tamil Nadu,Coimbatore,612.0,49.5,20.1,30.4,30.47,21.07,11.0,77.0,SUGARCANE,SANDY ALFISOL 
329,Tamil Nadu,Coimbatore,612.0,49.1,20.3,30.6,30.42,21.02,11.0,77.0,SUGARCANE,SANDY ALFISOL 
330,Tamil Nadu,Coimbatore,612.0,45.2,21.2,33.5,30.69,21.29,11.0,77.0,SUGARCANE,SANDY ALFISOL 
331,Tamil Nadu,Coimbatore,612.0,45.3,23.7,31.0,30.63,21.32,11.0,77.0,SUGARCANE,SANDY ALFISOL 
332,Tamil Nadu,Thanjavur,1337.0,56.9,22.3,20.8,33.08,24.48,10.8,79.9,SUGARCANE,ORTHIDS 
333,Tamil Nadu,Thanjavur,1337.0,63.5,21.6,14.9,33.24,24.64,10.8,79.9,SUGARCANE,ORTHIDS 
334,Tamil Nadu,Thanjavur,1337.0,61.8,19.4,18.7,33.37,24.76,10.8,79.9,SUGARCANE,ORTHIDS 
335,Tamil Nadu,Thanjavur,1337.0,61.6,21.6,16.7,33.42,24.81,10.8,79.9,SUGARCANE,ORTHIDS 
336,Tamil Nadu,Thanjavur,1337.0,64.2,23.0,12.8,33.37,24.88,10.8,79.9,SUGARCANE,ORTHIDS 
337,Tamil Nadu,Madurai,905.0,51.2,25.7,23.1,33.68,24.07,9.93,78.12,SUGARCANE,SANDY ALFISOL 
338,Tamil Nadu,Madurai,905.0,58.4,26.6,15.0,34.01,24.4,9.93,78.12,SUGARCANE,SANDY ALFISOL 
339,Tamil Nadu,Madurai,905.0,58.8,24.5,16.7,34.02,24.41,9.93,78.12,SUGARCANE,SANDY ALFISOL 
340,Tamil Nadu,Madurai,905.0,59.8,24.1,16.2,34.1,24.5,9.93,78.12,SUGARCANE,SANDY ALFISOL 
341,Tamil Nadu,Madurai,905.0,59.1,21.7,19.2,33.89,24.51,9.93,78.12,SUGARCANE,SANDY ALFISOL 
342,Tamil Nadu,Ramananthapuram,874.0,67.2,22.5,10.3,33.6,25.76,9.2,78.5,SUGARCANE,ORTHIDS 
343,Tamil Nadu,Ramananthapuram,874.0,68.9,23.5,7.6,33.79,25.94,9.2,78.5,SUGARCANE,ORTHIDS 
344,Tamil Nadu,Ramananthapuram,874.0,65.5,27.6,6.9,33.9,26.06,9.2,78.5,SUGARCANE,ORTHIDS 
345,Tamil Nadu,Ramananthapuram,874.0,67.9,20.7,11.4,33.87,26.03,9.2,78.5,SUGARCANE,ORTHIDS 
346,Tamil Nadu,Ramananthapuram,874.0,69.6,23.4,7.1,33.86,26.1,9.2,78.5,SUGARCANE,ORTHIDS 
347,Tamil Nadu,Thirunelveli,686.0,59.3,23.6,17.1,32.41,24.31,8.7,77.8,SUGARCANE,SANDY ALFISOL 
348,Tamil Nadu,Thirunelveli,686.0,62.9,23.6,13.5,32.67,24.57,8.7,77.8,SUGARCANE,SANDY ALFISOL 
349,Tamil Nadu,Thirunelveli,686.0,61.8,19.3,18.9,32.58,24.48,8.7,77.8,SUGARCANE,SANDY ALFISOL 
350,Tamil Nadu,Thirunelveli,686.0,63.7,21.5,14.7,32.74,24.64,8.7,77.8,SUGARCANE,SANDY ALFISOL 
351,Tamil Nadu,Thirunelveli,686.0,65.2,19.2,15.6,32.75,24.69,8.7,77.8,SUGARCANE,SANDY ALFISOL 
352,Tamil Nadu,The Nilgiris,1303.0,47.5,19.4,33.1,23.93,14.49,11.4,77.4,RICE,SANDY ALFISOL 
353,Tamil Nadu,The Nilgiris,1303.0,52.6,9.3,38.1,24.39,14.96,11.4,77.4,RICE,SANDY ALFISOL 
354,Tamil Nadu,The Nilgiris,1303.0,55.3,9.7,35.0,24.33,14.89,11.4,77.4,RICE,SANDY ALFISOL 
355,Tamil Nadu,The Nilgiris,1303.0,52.1,7.9,40.0,24.63,15.19,11.4,77.4,RICE,SANDY ALFISOL 
356,Tamil Nadu,The Nilgiris,1303.0,43.7,11.1,45.2,24.66,15.27,11.4,77.4,SUGARCANE,SANDY ALFISOL 
357,Tamil Nadu,Kanyakumari,1400.0,48.3,27.7,24.0,30.07,23.08,8.3,77.3,SUGARCANE,ORTHIDS 
358,Tamil Nadu,Kanyakumari,1400.0,57.5,24.4,18.1,30.28,23.29,8.3,77.3,RICE,ORTHIDS 
359,Tamil Nadu,Kanyakumari,1400.0,55.9,24.0,20.1,30.18,23.18,8.3,77.3,RICE,ORTHIDS 
360,Tamil Nadu,Kanyakumari,1400.0,51.9,24.6,23.5,30.36,23.36,8.3,77.3,MAIZE,ORTHIDS 
361,Tamil Nadu,Kanyakumari,1400.0,55.9,24.8,19.3,30.47,23.42,8.3,77.3,MAIZE,ORTHIDS 
362,Maharashtra,Thane,2617.0,78.7,12.7,8.6,31.95,21.98,20.0,72.7,MAIZE,VERTIC SOILS 
363,Maharashtra,Thane,2617.0,80.2,10.6,9.2,31.97,21.99,20.0,72.7,RICE,VERTIC SOILS 
364,Maharashtra,Thane,2617.0,77.3,13.3,9.4,31.82,21.84,20.0,72.7,RICE,VERTIC SOILS 
365,Maharashtra,Thane,2617.0,74.8,13.7,11.4,32.4,22.43,20.0,72.7,RICE,VERTIC SOILS 
366,Maharashtra,Thane,2617.0,83.2,10.4,6.4,32.41,22.62,20.0,72.7,MAIZE,VERTIC SOILS 
372,Maharashtra,Nasik,591.0,52.7,36.3,11.0,31.88,19.05,20.6,74.5,SUGARCANE,VERTIC SOILS 
373,Maharashtra,Nasik,591.0,57.1,29.0,13.9,31.87,19.05,20.6,74.5,SUGARCANE,VERTIC SOILS 
374,Maharashtra,Nasik,591.0,55.6,31.0,13.5,31.66,18.84,20.6,74.5,SUGARCANE,VERTIC SOILS 
375,Maharashtra,Nasik,591.0,54.9,29.1,16.0,32.35,19.53,20.6,74.5,SUGARCANE,VERTIC SOILS 
376,Maharashtra,Nasik,591.0,52.0,32.4,15.6,32.25,19.71,20.6,74.5,SUGARCANE,VERTIC SOILS 
377,Maharashtra,Dhule,738.0,57.8,29.1,13.2,34.41,20.36,21.1,74.6,SUGARCANE,VERTIC SOILS 
378,Maharashtra,Dhule,738.0,58.9,23.4,17.7,34.22,20.16,21.1,74.6,SUGARCANE,VERTIC SOILS 
379,Maharashtra,Dhule,738.0,61.6,21.5,16.8,33.99,19.93,21.1,74.6,SUGARCANE,VERTIC SOILS 
380,Maharashtra,Dhule,738.0,59.8,21.0,19.2,34.9,20.85,21.1,74.6,SUGARCANE,VERTIC SOILS 
381,Maharashtra,Dhule,738.0,54.9,24.2,20.8,34.78,20.99,21.1,74.6,SUGARCANE,VERTIC SOILS 
382,Maharashtra,Jalgaon,841.0,51.6,26.5,21.9,34.6,20.82,21.1,75.6,SUGARCANE,VERTIC SOILS 
383,Maharashtra,Jalgaon,841.0,52.9,21.4,25.7,34.54,20.75,21.1,75.6,SUGARCANE,VERTIC SOILS 
384,Maharashtra,Jalgaon,841.0,54.3,20.5,25.2,34.2,20.41,21.1,75.6,SUGARCANE,VERTIC SOILS 
385,Maharashtra,Jalgaon,841.0,52.3,20.1,27.6,35.17,21.38,21.1,75.6,SUGARCANE,VERTIC SOILS 
386,Maharashtra,Jalgaon,841.0,48.3,22.7,28.9,35.06,21.58,21.1,75.6,SUGARCANE,VERTIC SOILS 
387,Maharashtra,Ahmednagar,676.0,52.8,34.2,13.0,32.43,19.06,19.1,74.9,SUGARCANE,VERTIC SOILS 
388,Maharashtra,Ahmednagar,676.0,53.2,29.5,17.3,32.75,19.39,19.1,74.9,SUGARCANE,VERTIC SOILS 
389,Maharashtra,Ahmednagar,676.0,52.6,30.0,17.4,32.46,19.09,19.1,74.9,SUGARCANE,VERTIC SOILS 
390,Maharashtra,Ahmednagar,676.0,51.1,27.9,21.1,32.92,19.56,19.1,74.9,SUGARCANE,VERTIC SOILS 
391,Maharashtra,Ahmednagar,676.0,48.1,33.0,18.8,32.97,19.82,19.1,74.9,SUGARCANE,VERTIC SOILS 
392,Maharashtra,Pune,715.0,52.8,33.4,13.8,31.03,18.49,18.5,73.9,SUGARCANE,VERTIC SOILS 
393,Maharashtra,Pune,715.0,56.8,26.4,16.8,31.33,18.79,18.5,73.9,SUGARCANE,VERTIC SOILS 
394,Maharashtra,Pune,715.0,54.3,27.1,18.6,31.08,18.54,18.5,73.9,SUGARCANE,VERTIC SOILS 
395,Maharashtra,Pune,715.0,53.6,26.0,20.5,31.52,18.98,18.5,73.9,SUGARCANE,VERTIC SOILS 
396,Maharashtra,Pune,715.0,52.6,29.8,17.6,31.65,19.26,18.5,73.9,SUGARCANE,VERTIC SOILS 
402,Maharashtra,Sangli,571.0,51.4,31.2,17.5,31.62,19.45,16.9,74.8,SUGARCANE,VERTIC SOILS 
403,Maharashtra,Sangli,571.0,53.8,25.8,20.4,31.99,19.82,16.9,74.8,SUGARCANE,VERTIC SOILS 
404,Maharashtra,Sangli,571.0,54.8,25.1,20.2,31.77,19.6,16.9,74.8,SUGARCANE,VERTIC SOILS 
405,Maharashtra,Sangli,571.0,53.4,22.8,23.8,31.95,19.78,16.9,74.8,SUGARCANE,VERTIC SOILS 
406,Maharashtra,Sangli,571.0,50.1,28.4,21.5,32.33,20.14,16.9,74.8,SUGARCANE,VERTIC SOILS 
407,Maharashtra,Solapur,743.0,51.8,31.2,17.0,33.55,20.27,17.1,75.9,SUGARCANE,VERTIC SOILS 
408,Maharashtra,Solapur,743.0,52.8,26.8,20.4,34.0,20.72,17.1,75.9,SUGARCANE,VERTIC SOILS 
409,Maharashtra,Solapur,743.0,54.6,26.5,19.0,33.71,20.44,17.1,75.9,SUGARCANE,VERTIC SOILS 
410,Maharashtra,Solapur,743.0,55.2,24.0,20.8,33.93,20.65,17.1,75.9,SUGARCANE,VERTIC SOILS 
411,Maharashtra,Solapur,743.0,54.3,26.2,19.5,34.24,21.01,17.1,75.9,SUGARCANE,VERTIC SOILS 
417,Maharashtra,Parbhani,905.0,59.2,29.7,11.1,33.66,20.41,19.1,76.1,SUGARCANE,VERTIC SOILS 
418,Maharashtra,Parbhani,905.0,52.5,33.2,14.4,34.23,20.99,19.1,76.1,SUGARCANE,VERTIC SOILS 
419,Maharashtra,Parbhani,905.0,56.7,29.4,13.9,33.86,20.61,19.1,76.1,SUGARCANE,VERTIC SOILS 
420,Maharashtra,Parbhani,905.0,55.4,27.7,16.9,34.4,21.15,19.1,76.1,SUGARCANE,VERTIC SOILS 
421,Maharashtra,Parbhani,905.0,51.3,34.4,14.2,34.39,21.48,19.1,76.1,SUGARCANE,VERTIC SOILS 
422,Maharashtra,Beed,685.0,55.2,33.9,10.9,32.92,19.56,19.0,75.8,SUGARCANE,VERTIC SOILS 
423,Maharashtra,Beed,685.0,53.7,30.7,15.6,33.51,20.15,19.0,75.8,SUGARCANE,VERTIC SOILS 
424,Maharashtra,Beed,685.0,55.5,30.3,14.3,33.1,19.74,19.0,75.8,SUGARCANE,VERTIC SOILS 
425,Maharashtra,Beed,685.0,57.1,28.5,14.4,33.49,20.13,19.0,75.8,SUGARCANE,VERTIC SOILS 
426,Maharashtra,Beed,685.0,51.6,34.6,13.8,33.57,20.45,19.0,75.8,SUGARCANE,VERTIC SOILS 
427,Maharashtra,Nanded,915.0,49.4,39.0,11.6,33.26,20.91,19.1,77.2,SUGARCANE,VERTIC SOILS 
428,Maharashtra,Nanded,915.0,49.5,35.5,15.0,33.74,21.39,19.1,77.2,SUGARCANE,VERTIC SOILS 
429,Maharashtra,Nanded,915.0,58.3,29.2,12.5,33.39,21.04,19.1,77.2,SUGARCANE,VERTIC SOILS 
430,Maharashtra,Nanded,915.0,54.0,29.4,16.6,34.01,21.66,19.1,77.2,SUGARCANE,VERTIC SOILS 
431,Maharashtra,Nanded,915.0,53.2,35.8,11.1,34.06,22.03,19.1,77.2,SUGARCANE,VERTIC SOILS 
432,Maharashtra,Osmanabad,809.0,52.6,36.6,10.8,32.81,19.73,18.0,76.1,SUGARCANE,VERTIC SOILS 
433,Maharashtra,Osmanabad,809.0,57.3,31.9,10.8,33.34,20.27,18.0,76.1,SUGARCANE,VERTIC SOILS 
434,Maharashtra,Osmanabad,809.0,55.8,33.0,11.2,32.98,19.91,18.0,76.1,SUGARCANE,VERTIC SOILS 
435,Maharashtra,Osmanabad,809.0,49.7,35.6,14.6,33.26,20.19,18.0,76.1,SUGARCANE,VERTIC SOILS 
436,Maharashtra,Osmanabad,809.0,44.6,40.6,14.8,33.51,20.54,18.0,76.1,SUGARCANE,VERTIC SOILS 
437,Maharashtra,Buldhana,901.0,53.9,37.0,9.1,32.99,20.87,20.5,76.2,SUGARCANE,VERTIC SOILS 
438,Maharashtra,Buldhana,901.0,52.9,35.5,11.6,33.2,21.08,20.5,76.2,SUGARCANE,VERTIC SOILS 
439,Maharashtra,Buldhana,901.0,56.1,33.2,10.7,32.83,20.71,20.5,76.2,SUGARCANE,VERTIC SOILS 
440,Maharashtra,Buldhana,901.0,49.9,35.5,14.6,33.72,21.6,20.5,76.2,SUGARCANE,VERTIC SOILS 
441,Maharashtra,Buldhana,901.0,51.5,38.2,10.4,33.57,21.85,20.5,76.2,SUGARCANE,VERTIC SOILS 
442,Maharashtra,Akola,878.0,49.2,38.3,12.5,33.95,21.19,20.7,77.0,SUGARCANE,VERTIC SOILS 
443,Maharashtra,Akola,878.0,51.6,35.9,12.5,34.09,21.33,20.7,77.0,GROUNDNUT,VERTIC SOILS 
444,Maharashtra,Akola,878.0,50.9,41.0,8.1,33.69,20.93,20.7,77.0,MAIZE,VERTIC SOILS 
445,Maharashtra,Akola,878.0,49.8,33.3,17.0,34.67,21.91,20.7,77.0,SUGARCANE,VERTIC SOILS 
446,Maharashtra,Akola,878.0,45.1,40.4,14.4,34.48,22.18,20.7,77.0,SUGARCANE,VERTIC SOILS 
447,Maharashtra,Amarawati,976.0,46.8,38.8,14.4,32.78,20.51,20.9,77.8,SUGARCANE,VERTIC SOILS 
448,Maharashtra,Amarawati,976.0,52.7,35.0,12.3,32.8,20.53,20.9,77.8,SUGARCANE,VERTIC SOILS 
449,Maharashtra,Amarawati,976.0,52.2,33.9,13.9,32.34,20.08,20.9,77.8,SUGARCANE,VERTIC SOILS 
450,Maharashtra,Amarawati,976.0,49.6,31.4,18.9,33.39,21.13,20.9,77.8,SUGARCANE,VERTIC SOILS 
451,Maharashtra,Amarawati,976.0,47.7,36.4,15.9,33.12,21.38,20.9,77.8,SUGARCANE,VERTIC SOILS 
452,Maharashtra,Yeotmal,1133.0,54.2,33.6,12.2,33.34,21.19,20.4,78.1,SUGARCANE,VERTIC SOILS 
453,Maharashtra,Yeotmal,1133.0,53.8,32.5,13.8,33.65,21.5,20.4,78.1,SUGARCANE,VERTIC SOILS 
454,Maharashtra,Yeotmal,1133.0,59.8,28.5,11.7,33.31,21.16,20.4,78.1,SUGARCANE,VERTIC SOILS 
455,Maharashtra,Yeotmal,1133.0,55.1,28.5,16.4,34.14,21.98,20.4,78.1,SUGARCANE,VERTIC SOILS 
456,Maharashtra,Yeotmal,1133.0,55.7,30.7,13.6,33.95,22.32,20.4,78.1,SUGARCANE,VERTIC SOILS 
457,Maharashtra,Wardha,1144.0,47.3,39.6,13.1,33.24,21.0,20.9,78.4,SUGARCANE,VERTIC SOILS 
458,Maharashtra,Wardha,1144.0,52.7,31.6,15.7,33.39,21.15,20.9,78.4,SUGARCANE,VERTIC SOILS 
459,Maharashtra,Wardha,1144.0,53.7,30.0,16.3,32.97,20.72,20.9,78.4,SUGARCANE,VERTIC SOILS 
460,Maharashtra,Wardha,1144.0,49.9,27.5,22.5,33.9,21.65,20.9,78.4,SUGARCANE,VERTIC SOILS 
461,Maharashtra,Wardha,1144.0,48.4,34.9,16.7,33.54,21.95,20.9,78.4,SUGARCANE,VERTIC SOILS 
462,Maharashtra,Nagpur,1242.0,50.6,38.5,10.9,32.81,20.39,21.2,79.1,SUGARCANE,VERTIC SOILS 
463,Maharashtra,Nagpur,1242.0,58.3,31.9,9.8,32.93,20.52,21.2,79.1,SUGARCANE,VERTIC SOILS 
464,Maharashtra,Nagpur,1242.0,61.9,29.1,9.0,32.49,20.08,21.2,79.1,SUGARCANE,VERTIC SOILS 
465,Maharashtra,Nagpur,1242.0,57.5,29.9,12.6,33.4,20.98,21.2,79.1,SUGARCANE,VERTIC SOILS 
466,Maharashtra,Nagpur,1242.0,56.3,33.9,9.8,32.97,21.27,21.2,79.1,SUGARCANE,VERTIC SOILS 
467,Maharashtra,Bhandara,1349.0,60.2,35.1,4.7,32.71,20.62,20.0,79.3,SUGARCANE,VERTIC SOILS 
468,Maharashtra,Bhandara,1349.0,59.6,33.7,6.7,32.91,20.81,20.0,79.3,SUGARCANE,VERTIC SOILS 
469,Maharashtra,Bhandara,1349.0,65.4,29.1,5.5,32.51,20.42,20.0,79.3,SUGARCANE,VERTIC SOILS 
470,Maharashtra,Bhandara,1349.0,61.0,33.1,5.8,33.32,21.22,20.0,79.3,SUGARCANE,VERTIC SOILS 
471,Maharashtra,Bhandara,1349.0,65.3,31.5,3.1,32.92,21.55,20.0,79.3,SUGARCANE,VERTIC SOILS 
472,Maharashtra,Chandrapur,1474.0,58.2,36.5,5.3,33.22,20.93,19.4,80.0,MAIZE,VERTIC SOILS 
473,Maharashtra,Chandrapur,1474.0,59.9,30.8,9.3,33.47,21.17,19.4,80.0,GROUNDNUT,VERTIC SOILS 
474,Maharashtra,Chandrapur,1474.0,65.1,29.5,5.4,33.15,20.86,19.4,80.0,MAIZE,VERTIC SOILS 
475,Maharashtra,Chandrapur,1474.0,59.4,31.0,9.6,33.89,21.6,19.4,80.0,SUGARCANE,VERTIC SOILS 
476,Maharashtra,Chandrapur,1474.0,61.8,30.9,7.3,33.58,21.98,19.4,80.0,SUGARCANE,VERTIC SOILS 
477,Gujarat,Ahmedabad,823.0,73.9,20.9,5.1,34.53,20.88,23.1,72.6,RICE,USTALF/USTOLLS 
478,Gujarat,Ahmedabad,823.0,84.3,14.7,1.1,34.14,20.49,23.1,72.6,WHEAT,USTALF/USTOLLS 
480,Gujarat,Ahmedabad,823.0,79.8,18.5,1.7,35.32,21.68,23.1,72.6,GROUNDNUT,USTALF/USTOLLS 
481,Gujarat,Ahmedabad,823.0,78.2,19.4,2.3,34.89,21.6,23.1,72.6,GROUNDNUT,USTALF/USTOLLS 
482,Gujarat,Amreli,607.0,62.3,33.6,4.1,32.66,21.99,21.5,71.1,WHEAT,ORTHIDS 
483,Gujarat,Amreli,607.0,67.1,30.5,2.4,32.46,21.79,21.5,71.1,WHEAT,ORTHIDS 
484,Gujarat,Amreli,607.0,71.0,26.0,3.0,32.31,21.65,21.5,71.1,WHEAT,ORTHIDS 
485,Gujarat,Amreli,607.0,65.8,30.4,3.8,33.31,22.64,21.5,71.1,SUGARCANE,ORTHIDS 
486,Gujarat,Amreli,607.0,66.0,30.4,3.6,33.36,22.67,21.5,71.1,SUGARCANE,ORTHIDS 
487,Gujarat,Banaskantha,652.0,71.9,22.6,5.5,34.58,20.36,24.3,71.9,WHEAT,USTALF/USTOLLS 
488,Gujarat,Banaskantha,652.0,78.6,17.0,4.4,34.21,19.99,24.3,71.9,WHEAT,USTALF/USTOLLS 
489,Gujarat,Banaskantha,652.0,73.6,20.7,5.7,34.07,19.86,24.3,71.9,WHEAT,USTALF/USTOLLS 
490,Gujarat,Banaskantha,652.0,72.9,18.9,8.2,35.42,21.2,24.3,71.9,WHEAT,USTALF/USTOLLS 
491,Gujarat,Banaskantha,652.0,73.8,19.2,7.0,34.76,21.11,24.3,71.9,WHEAT,USTALF/USTOLLS 
497,Gujarat,Bhavnagar,602.0,62.5,32.5,5.0,33.23,21.71,21.8,72.2,SUGARCANE,ORTHIDS 
498,Gujarat,Bhavnagar,602.0,65.9,30.6,3.5,32.96,21.45,21.8,72.2,SUGARCANE,ORTHIDS 
499,Gujarat,Bhavnagar,602.0,69.6,26.5,3.9,32.87,21.35,21.8,72.2,SUGARCANE,ORTHIDS 
500,Gujarat,Bhavnagar,602.0,65.6,30.1,4.3,33.86,22.35,21.8,72.2,SUGARCANE,ORTHIDS 
501,Gujarat,Bhavnagar,602.0,65.8,29.1,5.1,33.8,22.34,21.8,72.2,SUGARCANE,ORTHIDS 
502,Gujarat,Valsad,1625.0,56.8,25.1,18.1,32.1,21.49,20.6,73.2,SUGARCANE,VERTIC SOILS 
503,Gujarat,Valsad,1625.0,63.5,20.6,15.9,31.93,21.32,20.6,73.2,SUGARCANE,VERTIC SOILS 
504,Gujarat,Valsad,1625.0,58.9,19.8,21.3,31.84,21.23,20.6,73.2,SUGARCANE,VERTIC SOILS 
505,Gujarat,Valsad,1625.0,59.0,21.9,19.1,32.52,21.91,20.6,73.2,SUGARCANE,VERTIC SOILS 
506,Gujarat,Valsad,1625.0,58.6,19.6,21.9,32.45,22.01,20.6,73.2,SUGARCANE,VERTIC SOILS 
507,Gujarat,Dangs,1212.0,67.4,20.3,12.4,32.1,19.48,20.8,73.6,SUGARCANE,VERTIC SOILS 
508,Gujarat,Dangs,1212.0,67.1,25.9,6.9,31.93,19.31,20.8,73.6,WHEAT,VERTIC SOILS 
509,Gujarat,Dangs,1212.0,69.6,24.5,6.0,31.76,19.14,20.8,73.6,WHEAT,VERTIC SOILS 
510,Gujarat,Dangs,1212.0,48.8,25.5,25.7,32.54,19.92,20.8,73.6,SUGARCANE,VERTIC SOILS 
511,Gujarat,Dangs,1212.0,91.4,8.6,0.0,32.42,20.04,20.8,73.6,SUGARCANE,VERTIC SOILS 
513,Gujarat,Jamnagar,491.0,64.3,31.7,4.0,32.81,20.83,22.5,70.1,WHEAT,ORTHIDS 
514,Gujarat,Jamnagar,491.0,63.2,32.5,4.2,32.74,20.76,22.5,70.1,SUGARCANE,ORTHIDS 
515,Gujarat,Jamnagar,491.0,61.1,33.2,5.7,33.73,21.75,22.5,70.1,SUGARCANE,ORTHIDS 
516,Gujarat,Jamnagar,491.0,65.8,29.8,4.5,33.51,21.67,22.5,70.1,SUGARCANE,ORTHIDS 
517,Gujarat,Junagadh,702.0,61.8,33.0,5.2,31.8,22.69,20.9,70.4,SUGARCANE,ORTHIDS 
518,Gujarat,Junagadh,702.0,64.6,31.2,4.2,31.56,22.44,20.9,70.4,SUGARCANE,ORTHIDS 
519,Gujarat,Junagadh,702.0,66.6,28.8,4.7,31.47,22.36,20.9,70.4,SUGARCANE,ORTHIDS 
520,Gujarat,Junagadh,702.0,64.3,30.2,5.5,32.28,23.16,20.9,70.4,SUGARCANE,ORTHIDS 
521,Gujarat,Junagadh,702.0,63.2,31.3,5.4,32.42,23.17,20.9,70.4,SUGARCANE,ORTHIDS 
522,Gujarat,Kheda,929.0,81.2,13.0,5.9,34.16,20.82,22.3,73.3,WHEAT,USTALF/USTOLLS 
523,Gujarat,Kheda,929.0,87.2,8.1,4.7,33.64,20.3,22.3,73.3,SUGARCANE,USTALF/USTOLLS 
524,Gujarat,Kheda,929.0,87.8,9.3,2.9,33.52,20.18,22.3,73.3,WHEAT,USTALF/USTOLLS 
525,Gujarat,Kheda,929.0,83.4,12.1,4.5,34.82,21.48,22.3,73.3,WHEAT,USTALF/USTOLLS 
526,Gujarat,Kheda,929.0,84.6,10.8,4.6,34.41,21.42,22.3,73.3,SUGARCANE,USTALF/USTOLLS 
527,Gujarat,Kutch,349.0,76.5,22.5,1.0,34.09,20.11,23.3,69.8,WHEAT,ORTHIDS 
528,Gujarat,Kutch,349.0,80.2,18.4,1.3,33.95,19.98,23.3,69.8,SUGARCANE,ORTHIDS 
529,Gujarat,Kutch,349.0,77.8,20.6,1.5,33.93,19.96,23.3,69.8,WHEAT,ORTHIDS 
530,Gujarat,Kutch,349.0,77.0,20.7,2.3,35.03,21.05,23.3,69.8,SUGARCANE,ORTHIDS 
531,Gujarat,Kutch,349.0,76.1,22.2,1.7,34.53,20.93,23.3,69.8,WHEAT,ORTHIDS 
532,Gujarat,Mehsana,507.0,75.4,20.6,4.0,34.53,20.72,23.8,71.6,WHEAT,USTALF/USTOLLS 
533,Gujarat,Mehsana,507.0,83.0,14.5,2.4,34.08,20.27,23.8,71.6,WHEAT,USTALF/USTOLLS 
534,Gujarat,Mehsana,507.0,82.4,14.6,3.0,33.95,20.14,23.8,71.6,WHEAT,USTALF/USTOLLS 
535,Gujarat,Mehsana,507.0,80.9,14.9,4.2,35.29,21.48,23.8,71.6,WHEAT,USTALF/USTOLLS 
536,Gujarat,Mehsana,507.0,79.6,16.5,4.0,34.68,21.38,23.8,71.6,WHEAT,USTALF/USTOLLS 
537,Gujarat,Panchmahal,833.0,82.1,14.8,3.1,34.02,20.95,22.9,73.8,WHEAT,VERTIC SOILS 
538,Gujarat,Panchmahal,833.0,87.9,10.8,1.3,33.42,20.35,22.9,73.8,WHEAT,VERTIC SOILS 
540,Gujarat,Panchmahal,833.0,85.1,11.8,3.1,34.53,21.46,22.9,73.8,WHEAT,VERTIC SOILS 
541,Gujarat,Panchmahal,833.0,87.9,9.8,2.3,34.2,21.45,22.9,73.8,SUGARCANE,VERTIC SOILS 
542,Gujarat,Rajkot,674.0,63.2,29.9,6.8,33.58,21.3,22.3,70.8,SUGARCANE,VERTIC SOILS 
543,Gujarat,Rajkot,674.0,63.8,29.7,6.4,33.36,21.08,22.3,70.8,WHEAT,VERTIC SOILS 
544,Gujarat,Rajkot,674.0,68.0,26.2,5.9,33.23,20.95,22.3,70.8,SUGARCANE,VERTIC SOILS 
545,Gujarat,Rajkot,674.0,67.7,25.9,6.3,34.31,22.03,22.3,70.8,SUGARCANE,VERTIC SOILS 
546,Gujarat,Rajkot,674.0,65.2,27.7,7.0,34.15,21.99,22.3,70.8,SUGARCANE,VERTIC SOILS 
547,Gujarat,Sabarkantha,885.0,65.5,22.0,12.5,33.89,20.72,23.5,73.2,WHEAT,VERTIC SOILS 
548,Gujarat,Sabarkantha,885.0,74.0,18.6,7.4,33.34,20.17,23.5,73.2,WHEAT,VERTIC SOILS 
549,Gujarat,Sabarkantha,885.0,71.9,18.8,9.4,33.22,20.05,23.5,73.2,WHEAT,VERTIC SOILS 
550,Gujarat,Sabarkantha,885.0,70.3,19.0,10.7,34.55,21.38,23.5,73.2,GROUNDNUT,VERTIC SOILS 
551,Gujarat,Sabarkantha,885.0,67.8,20.1,12.1,33.97,21.31,23.5,73.2,RICE,VERTIC SOILS 
557,Gujarat,Surendranagar,601.0,73.9,24.2,1.9,34.83,20.73,22.8,71.6,SUGARCANE,USTALF/USTOLLS 
558,Gujarat,Surendranagar,601.0,72.5,26.4,1.1,34.54,20.44,22.8,71.6,WHEAT,USTALF/USTOLLS 
559,Gujarat,Surendranagar,601.0,74.7,23.7,1.6,34.39,20.29,22.8,71.6,SUGARCANE,USTALF/USTOLLS 
560,Gujarat,Surendranagar,601.0,74.6,22.9,2.5,35.74,21.64,22.8,71.6,SUGARCANE,USTALF/USTOLLS 
561,Gujarat,Surendranagar,601.0,72.8,25.4,1.8,35.27,21.55,22.8,71.6,SUGARCANE,USTALF/USTOLLS 
562,Rajasthan,Ajmer,559.0,50.2,42.8,7.0,32.41,19.63,26.5,74.6,SUGARCANE,INCEPTISOLS 
563,Rajasthan,Ajmer,559.0,64.5,32.9,2.6,32.07,19.29,26.5,74.6,SUGARCANE,INCEPTISOLS 
564,Rajasthan,Ajmer,559.0,63.6,36.0,0.5,32.05,19.27,26.5,74.6,SUGARCANE,INCEPTISOLS 
565,Rajasthan,Ajmer,559.0,66.0,32.4,1.6,33.08,20.3,26.5,74.6,SUGARCANE,INCEPTISOLS 
566,Rajasthan,Ajmer,559.0,61.0,38.2,0.8,32.66,20.39,26.5,74.6,SUGARCANE,INCEPTISOLS 
567,Rajasthan,Alwar,725.0,66.6,32.3,1.2,31.57,19.16,26.4,76.6,SUGARCANE,INCEPTISOLS 
568,Rajasthan,Alwar,725.0,70.7,28.4,0.9,31.11,19.32,26.4,76.6,SUGARCANE,INCEPTISOLS 
569,Rajasthan,Alwar,725.0,79.8,20.1,0.1,31.47,18.91,26.4,76.6,SUGARCANE,INCEPTISOLS 
570,Rajasthan,Alwar,725.0,71.9,27.4,0.7,31.24,19.05,26.4,76.6,SUGARCANE,INCEPTISOLS 
571,Rajasthan,Alwar,725.0,69.9,28.6,1.5,31.38,19.23,26.4,76.6,SUGARCANE,INCEPTISOLS 
572,Rajasthan,Banswara,938.0,86.7,12.7,0.6,33.66,20.88,23.6,74.5,SUGARCANE,VERTIC SOILS 
573,Rajasthan,Banswara,938.0,85.4,13.7,1.0,32.99,20.2,23.6,74.5,SUGARCANE,VERTIC SOILS 
574,Rajasthan,Banswara,938.0,83.5,15.8,0.7,32.82,20.04,23.6,74.5,SUGARCANE,VERTIC SOILS 
575,Rajasthan,Banswara,938.0,84.9,14.2,0.9,34.2,21.41,23.6,74.5,SUGARCANE,VERTIC SOILS 
576,Rajasthan,Banswara,938.0,81.8,16.7,1.4,33.76,21.42,23.6,74.5,SUGARCANE,VERTIC SOILS 
577,Rajasthan,Barmer,311.0,78.0,21.4,0.6,34.46,20.59,25.8,71.4,BARLEY,PSAMMENTS 
578,Rajasthan,Barmer,311.0,80.2,18.8,1.0,33.97,20.1,25.8,71.4,BARLEY,PSAMMENTS 
579,Rajasthan,Barmer,311.0,93.3,6.4,0.2,34.22,20.35,25.8,71.4,GROUNDNUT,PSAMMENTS 
580,Rajasthan,Barmer,311.0,88.7,10.5,0.7,35.29,21.42,25.8,71.4,BARLEY,PSAMMENTS 
581,Rajasthan,Barmer,311.0,84.2,14.6,1.2,34.56,21.36,25.8,71.4,BARLEY,PSAMMENTS 
582,Rajasthan,Bharatpur,722.0,65.2,33.6,1.1,32.01,19.82,26.7,77.9,SUGARCANE,INCEPTISOLS 
583,Rajasthan,Bharatpur,722.0,73.2,25.7,1.1,31.6,20.03,26.7,77.9,SUGARCANE,INCEPTISOLS 
584,Rajasthan,Bharatpur,722.0,80.1,19.9,0.0,31.87,19.53,26.7,77.9,SUGARCANE,INCEPTISOLS 
585,Rajasthan,Bharatpur,722.0,76.6,23.2,0.3,31.68,19.71,26.7,77.9,SUGARCANE,INCEPTISOLS 
586,Rajasthan,Bharatpur,722.0,75.4,24.3,0.3,31.86,19.88,26.7,77.9,SUGARCANE,INCEPTISOLS 
587,Rajasthan,Bhilwara,658.0,70.1,27.4,2.5,32.42,19.9,25.6,74.9,SUGARCANE,VERTIC SOILS 
588,Rajasthan,Bhilwara,658.0,74.4,22.7,2.9,32.01,19.48,25.6,74.9,SUGARCANE,VERTIC SOILS 
589,Rajasthan,Bhilwara,658.0,76.2,22.8,1.0,31.88,19.35,25.6,74.9,SUGARCANE,VERTIC SOILS 
590,Rajasthan,Bhilwara,658.0,73.0,25.1,1.9,33.22,20.69,25.6,74.9,SUGARCANE,VERTIC SOILS 
591,Rajasthan,Bhilwara,658.0,71.4,27.5,1.1,32.68,20.74,25.6,74.9,SUGARCANE,VERTIC SOILS 
592,Rajasthan,Bikaner,307.0,67.2,30.2,2.6,33.85,19.59,28.0,73.3,SUGARCANE,PSAMMENTS 
593,Rajasthan,Bikaner,307.0,71.8,27.9,0.3,33.4,19.23,28.0,73.3,WHEAT,PSAMMENTS 
594,Rajasthan,Bikaner,307.0,74.1,25.7,0.2,33.82,19.53,28.0,73.3,WHEAT,PSAMMENTS 
595,Rajasthan,Bikaner,307.0,72.8,26.8,0.4,33.96,19.73,28.0,73.3,GROUNDNUT,PSAMMENTS 
596,Rajasthan,Bikaner,307.0,70.7,29.1,0.2,33.56,19.84,28.0,73.3,WHEAT,PSAMMENTS 
597,Rajasthan,Bundi,768.0,68.3,29.8,1.9,32.96,20.27,25.6,75.7,SUGARCANE,VERTIC SOILS 
598,Rajasthan,Bundi,768.0,72.3,26.3,1.4,32.63,19.95,25.6,75.7,SUGARCANE,VERTIC SOILS 
599,Rajasthan,Bundi,768.0,78.3,21.6,0.2,32.4,19.72,25.6,75.7,SUGARCANE,VERTIC SOILS 
600,Rajasthan,Bundi,768.0,76.1,23.6,0.4,33.75,21.07,25.6,75.7,SUGARCANE,VERTIC SOILS 
601,Rajasthan,Bundi,768.0,70.6,29.0,0.4,33.22,21.17,25.6,75.7,SUGARCANE,VERTIC SOILS 
602,Rajasthan,Chittorgarh,885.0,70.6,26.3,3.1,32.45,19.8,24.8,75.5,SUGARCANE,VERTIC SOILS 
603,Rajasthan,Chittorgarh,885.0,73.9,24.1,2.1,31.96,19.32,24.8,75.5,SUGARCANE,VERTIC SOILS 
604,Rajasthan,Chittorgarh,885.0,75.3,23.6,1.1,31.77,19.12,24.8,75.5,SUGARCANE,VERTIC SOILS 
605,Rajasthan,Chittorgarh,885.0,73.3,25.1,1.6,33.16,20.52,24.8,75.5,SUGARCANE,VERTIC SOILS 
606,Rajasthan,Chittorgarh,885.0,63.4,35.3,1.3,32.65,20.55,24.8,75.5,SUGARCANE,VERTIC SOILS 
607,Rajasthan,Churu,346.0,71.6,27.4,1.0,33.05,19.08,28.4,74.4,GROUNDNUT,PSAMMENTS 
608,Rajasthan,Churu,346.0,76.6,22.6,0.8,32.51,19.05,28.4,74.4,BARLEY,PSAMMENTS 
609,Rajasthan,Churu,346.0,78.8,21.2,0.0,33.04,18.94,28.4,74.4,BARLEY,PSAMMENTS 
610,Rajasthan,Churu,346.0,79.4,20.5,0.1,32.77,18.98,28.4,74.4,GROUNDNUT,PSAMMENTS 
611,Rajasthan,Churu,346.0,76.6,23.2,0.3,32.79,19.15,28.4,74.4,BARLEY,PSAMMENTS 
612,Rajasthan,Dungarpur,715.0,78.2,20.5,1.2,33.99,20.98,23.8,73.9,SUGARCANE,VERTIC SOILS 
613,Rajasthan,Dungarpur,715.0,78.5,18.0,3.5,33.29,20.28,23.8,73.9,SUGARCANE,VERTIC SOILS 
614,Rajasthan,Dungarpur,715.0,78.1,20.8,1.1,33.19,20.19,23.8,73.9,SUGARCANE,VERTIC SOILS 
615,Rajasthan,Dungarpur,715.0,80.6,18.1,1.3,34.52,21.51,23.8,73.9,SUGARCANE,VERTIC SOILS 
616,Rajasthan,Dungarpur,715.0,84.5,14.2,1.2,34.01,21.48,23.8,73.9,SUGARCANE,VERTIC SOILS 
617,Rajasthan,Ganganagar,300.0,66.4,31.7,1.9,33.28,18.97,29.9,73.9,SUGARCANE,PSAMMENTS 
618,Rajasthan,Ganganagar,300.0,72.9,25.8,1.3,32.63,18.84,29.9,73.9,SUGARCANE,PSAMMENTS 
619,Rajasthan,Ganganagar,300.0,76.9,23.0,0.0,33.29,18.86,29.9,73.9,SUGARCANE,PSAMMENTS 
620,Rajasthan,Ganganagar,300.0,76.9,22.3,0.8,32.93,18.81,29.9,73.9,SUGARCANE,PSAMMENTS 
621,Rajasthan,Ganganagar,300.0,66.4,32.9,0.7,32.86,18.98,29.9,73.9,SUGARCANE,PSAMMENTS 
622,Rajasthan,Jaipur,647.0,65.5,30.9,3.6,32.04,19.04,26.9,75.8,SUGARCANE,INCEPTISOLS 
623,Rajasthan,Jaipur,647.0,72.1,25.2,2.7,31.67,18.99,26.9,75.8,SUGARCANE,INCEPTISOLS 
624,Rajasthan,Jaipur,647.0,77.4,21.9,0.6,31.86,18.78,26.9,75.8,SUGARCANE,INCEPTISOLS 
625,Rajasthan,Jaipur,647.0,71.5,27.8,0.7,31.82,18.93,26.9,75.8,SUGARCANE,INCEPTISOLS 
626,Rajasthan,Jaipur,647.0,67.9,31.6,0.5,32.01,19.08,26.9,75.8,SUGARCANE,INCEPTISOLS 
627,Rajasthan,Jaisalmer,218.0,77.9,21.5,0.6,34.72,19.99,26.9,70.9,BARLEY,PSAMMENTS 
628,Rajasthan,Jaisalmer,218.0,74.9,24.4,0.7,34.25,19.52,26.9,70.9,BARLEY,PSAMMENTS 
629,Rajasthan,Jaisalmer,218.0,76.3,23.5,0.2,34.85,20.12,26.9,70.9,BARLEY,PSAMMENTS 
630,Rajasthan,Jaisalmer,218.0,75.6,22.9,1.5,35.52,20.79,26.9,70.9,BARLEY,PSAMMENTS 
631,Rajasthan,Jaisalmer,218.0,74.1,25.6,0.3,34.53,20.77,26.9,70.9,BARLEY,PSAMMENTS 
632,Rajasthan,Jalore,892.0,79.9,19.4,0.7,34.42,20.91,25.1,72.2,BARLEY,PSAMMENTS 
634,Rajasthan,Jalore,892.0,88.2,10.0,1.9,33.93,20.41,25.1,72.2,BARLEY,PSAMMENTS 
635,Rajasthan,Jalore,892.0,85.2,12.2,2.6,35.24,21.72,25.1,72.2,BARLEY,PSAMMENTS 
636,Rajasthan,Jalore,892.0,83.6,14.0,2.4,34.58,21.67,25.1,72.2,BARLEY,PSAMMENTS 
637,Rajasthan,Jhalawar,1024.0,57.3,41.3,1.4,33.26,19.94,24.5,76.2,SUGARCANE,VERTIC SOILS 
638,Rajasthan,Jhalawar,1024.0,63.5,35.6,0.9,32.89,19.57,24.5,76.2,SUGARCANE,VERTIC SOILS 
639,Rajasthan,Jhalawar,1024.0,71.6,28.3,0.1,32.55,19.23,24.5,76.2,SUGARCANE,VERTIC SOILS 
640,Rajasthan,Jhalawar,1024.0,69.8,29.4,0.8,33.99,20.67,24.5,76.2,SUGARCANE,VERTIC SOILS 
641,Rajasthan,Jhalawar,1024.0,62.9,36.5,0.5,33.43,20.78,24.5,76.2,SUGARCANE,VERTIC SOILS 
642,Rajasthan,Jhunjhunu,423.0,76.3,22.8,1.0,32.03,18.53,28.1,75.5,WHEAT,INCEPTISOLS 
643,Rajasthan,Jhunjhunu,423.0,80.3,18.7,1.1,31.51,18.63,28.1,75.5,WHEAT,INCEPTISOLS 
644,Rajasthan,Jhunjhunu,423.0,82.7,17.2,0.1,32.0,18.36,28.1,75.5,WHEAT,INCEPTISOLS 
645,Rajasthan,Jhunjhunu,423.0,85.1,14.5,0.4,31.7,18.42,28.1,75.5,WHEAT,INCEPTISOLS 
646,Rajasthan,Jhunjhunu,423.0,87.8,11.8,0.3,31.79,18.6,28.1,75.5,SUGARCANE,INCEPTISOLS 
647,Rajasthan,Jodhpur,380.0,60.5,37.7,1.8,33.58,20.0,26.3,73.1,BARLEY,PSAMMENTS 
648,Rajasthan,Jodhpur,380.0,67.9,29.5,2.6,33.07,19.49,26.3,73.1,BARLEY,PSAMMENTS 
649,Rajasthan,Jodhpur,380.0,67.9,31.6,0.5,33.35,19.77,26.3,73.1,BARLEY,PSAMMENTS 
650,Rajasthan,Jodhpur,380.0,68.0,30.4,1.6,34.25,20.67,26.3,73.1,BARLEY,PSAMMENTS 
651,Rajasthan,Jodhpur,380.0,66.6,32.3,1.0,33.51,20.7,26.3,73.1,SUGARCANE,PSAMMENTS 
652,Rajasthan,Kota,842.0,63.6,34.6,1.8,33.13,20.12,25.2,75.9,SUGARCANE,VERTIC SOILS 
653,Rajasthan,Kota,842.0,64.7,33.9,1.3,32.8,19.79,25.2,75.9,SUGARCANE,VERTIC SOILS 
654,Rajasthan,Kota,842.0,73.4,26.1,0.4,32.52,19.51,25.2,75.9,SUGARCANE,VERTIC SOILS 
655,Rajasthan,Kota,842.0,67.4,31.6,1.0,33.86,20.85,25.2,75.9,SUGARCANE,VERTIC SOILS 
656,Rajasthan,Kota,842.0,58.8,40.0,1.2,33.36,20.96,25.2,75.9,SUGARCANE,VERTIC SOILS 
657,Rajasthan,Nagaur,409.0,59.2,37.7,3.1,32.86,19.34,27.0,74.0,WHEAT,PSAMMENTS 
658,Rajasthan,Nagaur,409.0,66.6,31.0,2.4,32.48,19.0,27.0,74.0,WHEAT,PSAMMENTS 
659,Rajasthan,Nagaur,409.0,65.7,33.7,0.7,32.68,19.14,27.0,74.0,BARLEY,PSAMMENTS 
660,Rajasthan,Nagaur,409.0,65.6,32.4,2.0,33.18,19.67,27.0,74.0,BARLEY,PSAMMENTS 
661,Rajasthan,Nagaur,409.0,64.6,34.4,0.9,32.9,19.77,27.0,74.0,WHEAT,PSAMMENTS 
662,Rajasthan,Pali,401.0,66.1,31.8,2.1,33.33,20.44,25.7,73.6,BARLEY,PSAMMENTS 
663,Rajasthan,Pali,401.0,62.9,35.3,1.8,32.87,19.97,25.7,73.6,BARLEY,PSAMMENTS 
664,Rajasthan,Pali,401.0,71.5,27.4,1.0,32.87,19.97,25.7,73.6,BARLEY,PSAMMENTS 
665,Rajasthan,Pali,401.0,65.7,33.1,1.3,34.14,21.24,25.7,73.6,BARLEY,PSAMMENTS 
666,Rajasthan,Pali,401.0,64.9,33.9,1.1,33.55,21.26,25.7,73.6,BARLEY,PSAMMENTS 
667,Rajasthan,Swami Madhopur,753.0,69.5,29.4,1.1,32.99,19.47,26.4,76.8,SUGARCANE,VERTIC SOILS 
668,Rajasthan,Swami Madhopur,753.0,71.2,28.5,0.3,32.78,19.35,26.4,76.8,SUGARCANE,VERTIC SOILS 
669,Rajasthan,Swami Madhopur,753.0,74.9,25.1,0.0,32.7,19.15,26.4,76.8,SUGARCANE,VERTIC SOILS 
670,Rajasthan,Swami Madhopur,753.0,71.3,27.9,0.8,32.94,19.45,26.4,76.8,SUGARCANE,VERTIC SOILS 
671,Rajasthan,Swami Madhopur,753.0,70.1,29.3,0.7,33.1,19.59,26.4,76.8,SUGARCANE,VERTIC SOILS 
672,Rajasthan,Sikar,441.0,68.8,29.4,1.8,31.73,18.56,27.6,75.1,SUGARCANE,INCEPTISOLS 
673,Rajasthan,Sikar,441.0,75.0,23.4,1.5,31.2,18.62,27.6,75.1,SUGARCANE,INCEPTISOLS 
674,Rajasthan,Sikar,441.0,79.3,20.4,0.2,31.68,18.37,27.6,75.1,SUGARCANE,INCEPTISOLS 
675,Rajasthan,Sikar,441.0,77.5,21.4,1.1,31.42,18.46,27.6,75.1,SUGARCANE,INCEPTISOLS 
676,Rajasthan,Sikar,441.0,75.2,23.6,1.2,31.52,18.63,27.6,75.1,SUGARCANE,INCEPTISOLS 
677,Rajasthan,Sirohi,1233.0,80.1,19.5,0.5,32.89,20.36,24.7,72.7,BARLEY,PSAMMENTS 
678,Rajasthan,Sirohi,1233.0,73.9,23.5,2.6,32.47,19.93,24.7,72.7,BARLEY,PSAMMENTS 
679,Rajasthan,Sirohi,1233.0,85.5,12.9,1.6,32.31,19.78,24.7,72.7,BARLEY,PSAMMENTS 
680,Rajasthan,Sirohi,1233.0,78.7,18.5,2.9,33.67,21.14,24.7,72.7,BARLEY,PSAMMENTS 
681,Rajasthan,Sirohi,1233.0,76.2,21.8,2.0,33.05,21.1,24.7,72.7,BARLEY,PSAMMENTS 
682,Rajasthan,Tonk,703.0,65.9,33.4,0.8,32.93,19.82,26.1,75.6,SUGARCANE,INCEPTISOLS 
683,Rajasthan,Tonk,703.0,71.9,27.0,1.1,32.66,19.57,26.1,75.6,SUGARCANE,INCEPTISOLS 
684,Rajasthan,Tonk,703.0,73.4,26.4,0.2,32.56,19.45,26.1,75.6,SUGARCANE,INCEPTISOLS 
685,Rajasthan,Tonk,703.0,67.5,31.6,0.9,33.26,20.16,26.1,75.6,SUGARCANE,INCEPTISOLS 
686,Rajasthan,Tonk,703.0,65.9,33.2,0.9,33.13,20.28,26.1,75.6,SUGARCANE,INCEPTISOLS 
687,Rajasthan,Udaipur,661.0,74.6,22.7,2.7,32.2,19.58,24.6,73.7,SUGARCANE,PSAMMENTS 
688,Rajasthan,Udaipur,661.0,75.7,20.7,3.6,31.61,19.0,24.6,73.7,SUGARCANE,PSAMMENTS 
689,Rajasthan,Udaipur,661.0,75.6,23.6,0.8,31.5,18.89,24.6,73.7,SUGARCANE,PSAMMENTS 
690,Rajasthan,Udaipur,661.0,75.0,22.1,2.8,32.85,20.24,24.6,73.7,SUGARCANE,PSAMMENTS 
691,Rajasthan,Udaipur,661.0,66.8,25.6,7.6,32.3,20.23,24.6,73.7,SUGARCANE,PSAMMENTS 
692,Punjab,Gurdaspur,1486.0,76.3,21.4,2.3,29.14,17.65,32.3,75.7,SUGARCANE,INCEPTISOLS 
693,Punjab,Gurdaspur,1486.0,77.4,21.8,0.8,28.5,17.48,32.3,75.7,SUGARCANE,INCEPTISOLS 
694,Punjab,Gurdaspur,1486.0,78.9,20.1,1.0,29.07,17.34,32.3,75.7,SUGARCANE,INCEPTISOLS 
695,Punjab,Gurdaspur,1486.0,82.9,15.5,1.7,28.53,17.2,32.3,75.7,SUGARCANE,INCEPTISOLS 
696,Punjab,Gurdaspur,1486.0,79.3,19.2,1.4,28.56,17.41,32.3,75.7,SUGARCANE,INCEPTISOLS 
697,Punjab,Amritsar,650.0,73.4,23.8,2.8,30.35,17.52,31.6,74.9,MAIZE,INCEPTISOLS 
698,Punjab,Amritsar,650.0,74.8,24.0,1.2,29.69,17.4,31.6,74.9,SUGARCANE,INCEPTISOLS 
699,Punjab,Amritsar,650.0,79.3,19.9,0.8,30.39,17.32,31.6,74.9,SUGARCANE,INCEPTISOLS 
700,Punjab,Amritsar,650.0,71.7,25.2,3.0,29.89,17.18,31.6,74.9,SUGARCANE,INCEPTISOLS 
701,Punjab,Amritsar,650.0,71.0,26.7,2.3,29.74,17.43,31.6,74.9,SUGARCANE,INCEPTISOLS 
702,Punjab,Kapurthala,708.0,70.5,24.9,4.6,30.6,17.64,31.1,75.4,MAIZE,INCEPTISOLS 
703,Punjab,Kapurthala,708.0,72.8,25.2,2.0,29.97,17.59,31.1,75.4,SUGARCANE,INCEPTISOLS 
704,Punjab,Kapurthala,708.0,76.7,19.6,3.7,30.57,17.42,31.1,75.4,SUGARCANE,INCEPTISOLS 
705,Punjab,Kapurthala,708.0,80.2,17.1,2.7,30.1,17.33,31.1,75.4,SUGARCANE,INCEPTISOLS 
706,Punjab,Kapurthala,708.0,77.2,20.2,2.6,30.1,17.53,31.1,75.4,SUGARCANE,INCEPTISOLS 
707,Punjab,Jalandhar,1041.0,67.6,27.6,4.8,30.66,17.66,31.5,75.6,SUGARCANE,INCEPTISOLS 
708,Punjab,Jalandhar,1041.0,73.5,24.5,2.0,30.06,17.63,31.5,75.6,SUGARCANE,INCEPTISOLS 
709,Punjab,Jalandhar,1041.0,77.3,19.6,3.1,30.62,17.42,31.5,75.6,SUGARCANE,INCEPTISOLS 
710,Punjab,Jalandhar,1041.0,69.3,28.4,2.3,30.15,17.34,31.5,75.6,SUGARCANE,INCEPTISOLS 
711,Punjab,Jalandhar,1041.0,68.7,28.9,2.3,30.18,17.53,31.5,75.6,SUGARCANE,INCEPTISOLS 
712,Punjab,Hoshiarpur,1315.0,67.0,27.6,5.3,29.71,17.67,31.6,75.9,SUGARCANE,INCEPTISOLS 
713,Punjab,Hoshiarpur,1315.0,69.5,27.8,2.7,29.11,17.59,31.6,75.9,SUGARCANE,INCEPTISOLS 
714,Punjab,Hoshiarpur,1315.0,74.3,21.9,3.7,29.63,17.36,31.6,75.9,SUGARCANE,INCEPTISOLS 
715,Punjab,Hoshiarpur,1315.0,66.3,30.3,3.4,29.15,17.29,31.6,75.9,SUGARCANE,INCEPTISOLS 
716,Punjab,Hoshiarpur,1315.0,66.4,31.1,2.5,29.21,17.49,31.6,75.9,SUGARCANE,INCEPTISOLS 
717,Punjab,Ludhiana,706.0,73.4,23.9,2.7,30.75,17.6,30.9,75.9,SUGARCANE,INCEPTISOLS 
718,Punjab,Ludhiana,706.0,72.6,25.9,1.6,30.17,17.63,30.9,75.9,SUGARCANE,INCEPTISOLS 
719,Punjab,Ludhiana,706.0,79.1,19.1,1.8,30.68,17.37,30.9,75.9,SUGARCANE,INCEPTISOLS 
720,Punjab,Ludhiana,706.0,85.5,13.8,0.7,30.23,17.29,30.9,75.9,SUGARCANE,INCEPTISOLS 
721,Punjab,Ludhiana,706.0,83.5,15.8,0.7,30.3,17.48,30.9,75.9,SUGARCANE,INCEPTISOLS 
722,Punjab,Ferozpur,537.0,72.4,25.1,2.5,31.03,17.77,30.9,74.6,SUGARCANE,INCEPTISOLS 
723,Punjab,Ferozpur,537.0,73.4,25.1,1.5,30.37,17.73,30.9,74.6,SUGARCANE,INCEPTISOLS 
724,Punjab,Ferozpur,537.0,80.3,19.0,0.7,31.02,17.61,30.9,74.6,SUGARCANE,INCEPTISOLS 
725,Punjab,Ferozpur,537.0,74.5,24.0,1.6,30.56,17.51,30.9,74.6,SUGARCANE,INCEPTISOLS 
726,Punjab,Ferozpur,537.0,70.8,28.0,1.3,30.48,17.72,30.9,74.6,SUGARCANE,INCEPTISOLS 
727,Punjab,Bhatinda,928.0,69.2,27.2,3.6,31.66,17.66,31.6,75.3,WHEAT,PSAMMENTS 
728,Punjab,Bhatinda,928.0,75.3,23.5,1.2,31.07,17.68,31.6,75.3,WHEAT,PSAMMENTS 
729,Punjab,Bhatinda,928.0,79.5,18.8,1.7,31.66,17.52,31.6,75.3,WHEAT,PSAMMENTS 
730,Punjab,Bhatinda,928.0,79.2,18.0,2.8,31.25,17.46,31.6,75.3,WHEAT,PSAMMENTS 
731,Punjab,Bhatinda,928.0,76.9,20.6,2.5,31.21,17.66,31.6,75.3,WHEAT,PSAMMENTS 
732,Punjab,Sangrur,779.0,80.5,17.7,1.7,31.14,17.66,31.0,75.9,SUGARCANE,INCEPTISOLS 
733,Punjab,Sangrur,779.0,76.5,22.9,0.6,30.58,17.72,31.0,75.9,SUGARCANE,INCEPTISOLS 
734,Punjab,Sangrur,779.0,84.0,15.3,0.7,31.07,17.44,31.0,75.9,SUGARCANE,INCEPTISOLS 
735,Punjab,Sangrur,779.0,78.2,20.7,1.1,30.66,17.4,31.0,75.9,SUGARCANE,INCEPTISOLS 
736,Punjab,Sangrur,779.0,76.4,22.6,1.0,30.72,17.59,31.0,75.9,SUGARCANE,INCEPTISOLS 
737,Punjab,Patiala,870.0,80.6,17.9,1.5,30.68,17.81,30.0,76.5,SUGARCANE,INCEPTISOLS 
738,Punjab,Patiala,870.0,80.7,19.1,0.2,30.14,17.88,30.0,76.5,SUGARCANE,INCEPTISOLS 
739,Punjab,Patiala,870.0,81.2,17.8,1.0,30.59,17.57,30.0,76.5,SUGARCANE,INCEPTISOLS 
740,Punjab,Patiala,870.0,94.9,3.9,1.2,30.2,17.54,30.0,76.5,SUGARCANE,INCEPTISOLS 
741,Punjab,Patiala,870.0,86.8,11.5,1.7,30.27,17.73,30.0,76.5,SUGARCANE,INCEPTISOLS 
742,Haryana,Hissar,447.0,72.7,25.2,2.1,32.08,18.13,29.2,75.7,SUGARCANE,PSAMMENTS 
743,Haryana,Hissar,447.0,75.0,24.1,0.9,31.56,18.23,29.2,75.7,SUGARCANE,PSAMMENTS 
744,Haryana,Hissar,447.0,79.8,19.3,0.9,32.02,17.93,29.2,75.7,SUGARCANE,PSAMMENTS 
745,Haryana,Hissar,447.0,74.0,23.0,3.0,31.72,17.99,29.2,75.7,SUGARCANE,PSAMMENTS 
746,Haryana,Hissar,447.0,75.7,23.1,1.2,31.76,18.17,29.2,75.7,WHEAT,PSAMMENTS 
747,Haryana,Gurgaon,474.0,67.2,30.6,2.2,31.46,19.42,28.5,76.8,SUGARCANE,INCEPTISOLS 
748,Haryana,Gurgaon,474.0,63.8,35.4,0.9,31.01,19.58,28.5,76.8,SUGARCANE,INCEPTISOLS 
749,Haryana,Gurgaon,474.0,72.6,24.3,3.2,31.36,19.17,28.5,76.8,SUGARCANE,INCEPTISOLS 
750,Haryana,Gurgaon,474.0,67.6,29.2,3.2,31.11,19.28,28.5,76.8,SUGARCANE,INCEPTISOLS 
751,Haryana,Gurgaon,474.0,64.9,33.6,1.5,31.27,19.46,28.5,76.8,WHEAT,INCEPTISOLS 
752,Haryana,Jind,606.0,74.8,23.2,1.9,31.39,18.2,29.5,76.4,SUGARCANE,INCEPTISOLS 
753,Haryana,Jind,606.0,76.7,22.8,0.5,30.9,18.32,29.5,76.4,BARLEY,INCEPTISOLS 
754,Haryana,Jind,606.0,82.9,16.0,1.1,31.31,17.97,29.5,76.4,SUGARCANE,INCEPTISOLS 
755,Haryana,Jind,606.0,79.7,16.9,3.4,30.99,18.01,29.5,76.4,SUGARCANE,INCEPTISOLS 
756,Haryana,Jind,606.0,77.3,21.8,0.9,31.08,18.2,29.5,76.4,WHEAT,INCEPTISOLS 
757,Haryana,Ambala,959.0,74.1,22.9,3.1,30.27,17.94,30.4,76.7,SUGARCANE,INCEPTISOLS 
758,Haryana,Ambala,959.0,75.7,22.8,1.5,29.75,18.03,30.4,76.7,SUGARCANE,INCEPTISOLS 
759,Haryana,Ambala,959.0,82.6,16.2,1.2,30.14,17.66,30.4,76.7,SUGARCANE,INCEPTISOLS 
760,Haryana,Ambala,959.0,77.3,18.8,3.9,29.79,17.67,30.4,76.7,SUGARCANE,INCEPTISOLS 
761,Haryana,Ambala,959.0,83.3,14.3,2.4,29.89,17.83,30.4,76.7,WHEAT,INCEPTISOLS 
762,Haryana,Karnal,761.0,72.8,24.7,2.5,30.61,18.36,29.7,77.0,SUGARCANE,INCEPTISOLS 
763,Haryana,Karnal,761.0,77.4,21.0,1.6,30.13,18.49,29.7,77.0,SUGARCANE,INCEPTISOLS 
764,Haryana,Karnal,761.0,86.2,12.9,0.9,30.51,18.11,29.7,77.0,SUGARCANE,INCEPTISOLS 
765,Haryana,Karnal,761.0,78.9,18.5,2.6,30.18,18.14,29.7,77.0,SUGARCANE,INCEPTISOLS 
766,Haryana,Karnal,761.0,81.9,16.5,1.6,30.27,18.32,29.7,77.0,WHEAT,INCEPTISOLS 
767,Haryana,Rohtak,511.0,69.7,29.9,0.4,31.59,18.79,28.9,76.6,SUGARCANE,INCEPTISOLS 
768,Haryana,Rohtak,511.0,77.5,22.3,0.1,31.11,18.93,28.9,76.6,SUGARCANE,INCEPTISOLS 
769,Haryana,Rohtak,511.0,81.7,17.8,0.5,31.5,18.55,28.9,76.6,SUGARCANE,INCEPTISOLS 
770,Haryana,Rohtak,511.0,79.4,19.4,1.2,31.21,18.62,28.9,76.6,SUGARCANE,INCEPTISOLS 
771,Haryana,Rohtak,511.0,75.0,23.6,1.3,31.31,18.81,28.9,76.6,WHEAT,INCEPTISOLS 
772,Uttar Pradesh,Saharanpur,1164.0,80.5,16.6,2.9,29.88,18.16,29.9,77.9,SUGARCANE,INCEPTISOLS 
773,Uttar Pradesh,Saharanpur,1164.0,74.6,23.3,2.1,29.39,18.29,29.9,77.9,SUGARCANE,INCEPTISOLS 
774,Uttar Pradesh,Muzaffarnagar,839.0,78.5,18.1,3.4,30.29,18.65,29.5,77.7,SUGARCANE,INCEPTISOLS 
775,Uttar Pradesh,Muzaffarnagar,839.0,76.6,21.7,1.7,29.84,18.81,29.5,77.7,SUGARCANE,INCEPTISOLS 
776,Uttar Pradesh,Muzaffarnagar,839.0,76.7,20.5,2.8,30.14,18.35,29.5,77.7,SUGARCANE,INCEPTISOLS 
777,Uttar Pradesh,Muzaffarnagar,839.0,73.9,21.6,4.5,29.9,18.47,29.5,77.7,SUGARCANE,INCEPTISOLS 
782,Uttar Pradesh,Buland Shahar,745.0,76.0,20.7,3.3,31.12,19.52,28.3,77.9,SUGARCANE,INCEPTISOLS 
783,Uttar Pradesh,Buland Shahar,745.0,73.8,23.1,3.1,30.75,19.76,28.3,77.9,SUGARCANE,INCEPTISOLS 
784,Uttar Pradesh,Buland Shahar,745.0,77.2,20.0,2.7,31.0,19.25,28.3,77.9,SUGARCANE,INCEPTISOLS 
785,Uttar Pradesh,Buland Shahar,745.0,74.1,21.5,4.4,30.79,19.4,28.3,77.9,SUGARCANE,INCEPTISOLS 
786,Uttar Pradesh,Aligarh,774.0,74.4,21.9,3.7,31.62,19.81,27.9,78.1,SUGARCANE,INCEPTISOLS 
787,Uttar Pradesh,Aligarh,774.0,65.4,31.2,3.4,31.26,20.06,27.9,78.1,SUGARCANE,INCEPTISOLS 
788,Uttar Pradesh,Aligarh,774.0,77.9,19.4,2.7,31.5,19.54,27.9,78.1,SUGARCANE,INCEPTISOLS 
789,Uttar Pradesh,Aligarh,774.0,74.4,21.3,4.3,31.29,19.69,27.9,78.1,SUGARCANE,INCEPTISOLS 
790,Uttar Pradesh,Mathura,696.0,62.5,36.0,1.6,31.79,19.83,27.6,77.6,SUGARCANE,INCEPTISOLS 
791,Uttar Pradesh,Mathura,696.0,62.0,35.6,2.4,31.41,20.07,27.6,77.6,SUGARCANE,INCEPTISOLS 
792,Uttar Pradesh,Mathura,696.0,76.9,20.4,2.8,31.68,19.58,27.6,77.6,SUGARCANE,INCEPTISOLS 
793,Uttar Pradesh,Mathura,696.0,74.0,21.6,4.5,31.47,19.73,27.6,77.6,SUGARCANE,INCEPTISOLS 
794,Uttar Pradesh,Mathura,696.0,69.2,26.0,4.9,31.66,19.91,27.6,77.6,SUGARCANE,INCEPTISOLS 
795,Uttar Pradesh,Agra,766.0,62.3,34.7,3.0,32.1,20.0,27.2,78.0,SUGARCANE,INCEPTISOLS 
796,Uttar Pradesh,Agra,766.0,62.3,33.8,3.9,31.73,20.24,27.2,78.0,SUGARCANE,INCEPTISOLS 
797,Uttar Pradesh,Agra,766.0,77.1,20.1,2.7,31.94,19.68,27.2,78.0,SUGARCANE,INCEPTISOLS 
798,Uttar Pradesh,Agra,766.0,74.1,21.5,4.4,31.77,19.88,27.2,78.0,SUGARCANE,INCEPTISOLS 
799,Uttar Pradesh,Agra,766.0,69.2,26.0,4.8,31.99,20.06,27.2,78.0,SUGARCANE,INCEPTISOLS 
800,Uttar Pradesh,Mainpuri,762.0,66.5,30.3,3.2,32.42,20.02,27.3,79.1,SUGARCANE,INCEPTISOLS 
801,Uttar Pradesh,Mainpuri,762.0,68.4,29.5,2.1,32.1,20.31,27.3,79.1,SUGARCANE,INCEPTISOLS 
802,Uttar Pradesh,Mainpuri,762.0,77.3,20.0,2.7,32.21,19.67,27.3,79.1,SUGARCANE,INCEPTISOLS 
803,Uttar Pradesh,Mainpuri,762.0,74.1,21.5,4.4,32.1,19.92,27.3,79.1,SUGARCANE,INCEPTISOLS 
804,Uttar Pradesh,Mainpuri,762.0,69.2,26.0,4.8,32.31,20.07,27.3,79.1,SUGARCANE,INCEPTISOLS 
805,Uttar Pradesh,Etah,741.0,71.6,26.5,1.9,32.11,20.0,27.6,78.8,SUGARCANE,INCEPTISOLS 
806,Uttar Pradesh,Etah,741.0,72.3,25.0,2.7,31.77,20.28,27.6,78.8,SUGARCANE,INCEPTISOLS 
807,Uttar Pradesh,Etah,741.0,77.5,19.8,2.7,31.94,19.68,27.6,78.8,SUGARCANE,INCEPTISOLS 
808,Uttar Pradesh,Etah,741.0,74.2,21.4,4.4,31.77,19.87,27.6,78.8,SUGARCANE,INCEPTISOLS 
809,Uttar Pradesh,Etah,741.0,69.3,26.0,4.8,31.99,20.04,27.6,78.8,SUGARCANE,INCEPTISOLS 
810,Uttar Pradesh,Bareilly,1071.0,79.9,18.1,2.0,30.95,19.66,28.4,79.4,SUGARCANE,INCEPTISOLS 
811,Uttar Pradesh,Bareilly,1071.0,77.3,20.5,2.3,30.68,19.88,28.4,79.4,SUGARCANE,INCEPTISOLS 
812,Uttar Pradesh,Budaun,891.0,69.9,21.2,8.9,31.45,19.83,28.1,79.0,SUGARCANE,INCEPTISOLS 
813,Uttar Pradesh,Budaun,891.0,75.1,22.5,2.4,31.12,20.09,28.1,79.0,SUGARCANE,INCEPTISOLS 
814,Uttar Pradesh,Moradabad,953.0,80.4,17.5,2.0,30.58,19.32,28.7,78.7,SUGARCANE,INCEPTISOLS 
815,Uttar Pradesh,Moradabad,953.0,77.2,20.3,2.5,30.22,19.57,28.7,78.7,SUGARCANE,INCEPTISOLS 
816,Uttar Pradesh,Moradabad,953.0,77.3,20.0,2.7,30.41,19.0,28.7,78.7,SUGARCANE,INCEPTISOLS 
817,Uttar Pradesh,Moradabad,953.0,74.2,21.4,4.4,30.26,19.21,28.7,78.7,SUGARCANE,INCEPTISOLS 
818,Uttar Pradesh,Moradabad,953.0,69.3,26.0,4.8,30.45,19.35,28.7,78.7,SUGARCANE,INCEPTISOLS 
819,Uttar Pradesh,Shahjahanpur,1093.0,81.9,15.4,2.8,31.35,19.79,28.0,79.9,SUGARCANE,INCEPTISOLS 
820,Uttar Pradesh,Shahjahanpur,1093.0,76.0,21.5,2.5,31.22,19.94,28.0,79.9,SUGARCANE,INCEPTISOLS 
821,Uttar Pradesh,Pilibhit,1173.0,78.0,18.2,3.8,30.7,19.5,28.5,79.9,SUGARCANE,INCEPTISOLS 
822,Uttar Pradesh,Pilibhit,1173.0,73.6,21.8,4.6,30.54,19.63,28.5,79.9,SUGARCANE,INCEPTISOLS 
823,Uttar Pradesh,Pilibhit,1173.0,77.5,19.8,2.7,30.49,19.13,28.5,79.9,SUGARCANE,INCEPTISOLS 
824,Uttar Pradesh,Pilibhit,1173.0,74.2,21.4,4.4,30.48,19.38,28.5,79.9,SUGARCANE,INCEPTISOLS 
825,Uttar Pradesh,Rampur,1093.0,79.7,16.0,4.3,30.56,19.38,28.8,79.1,SUGARCANE,INCEPTISOLS 
826,Uttar Pradesh,Rampur,1093.0,75.7,21.1,3.2,30.22,19.64,28.8,79.1,SUGARCANE,INCEPTISOLS 
827,Uttar Pradesh,Bijnor,959.0,82.1,15.9,1.9,30.23,18.9,28.7,78.7,SUGARCANE,INCEPTISOLS 
828,Uttar Pradesh,Bijnor,959.0,78.1,20.2,1.7,29.8,19.09,28.7,78.7,SUGARCANE,INCEPTISOLS 
829,Uttar Pradesh,Bijnor,959.0,77.2,20.1,2.7,30.05,18.56,28.7,78.7,SUGARCANE,INCEPTISOLS 
830,Uttar Pradesh,Bijnor,959.0,74.1,21.5,4.4,29.85,18.73,28.7,78.7,SUGARCANE,INCEPTISOLS 
831,Uttar Pradesh,Bijnor,959.0,69.2,26.0,4.8,30.03,18.87,28.7,78.7,SUGARCANE,INCEPTISOLS 
832,Uttar Pradesh,Farrukhabad,871.0,68.3,25.9,5.9,32.1,19.99,27.2,79.5,SUGARCANE,INCEPTISOLS 
833,Uttar Pradesh,Farrukhabad,871.0,61.0,30.3,8.8,31.9,20.22,27.2,79.5,SUGARCANE,INCEPTISOLS 
834,Uttar Pradesh,Farrukhabad,871.0,76.8,20.4,2.8,31.91,19.67,27.2,79.5,SUGARCANE,INCEPTISOLS 
835,Uttar Pradesh,Farrukhabad,871.0,74.0,21.6,4.5,31.83,19.88,27.2,79.5,SUGARCANE,INCEPTISOLS 
836,Uttar Pradesh,Farrukhabad,871.0,69.2,26.0,4.9,32.03,20.02,27.2,79.5,SUGARCANE,INCEPTISOLS 
837,Uttar Pradesh,Etawah,553.0,64.9,30.2,4.8,32.39,20.06,27.1,78.7,SUGARCANE,INCEPTISOLS 
838,Uttar Pradesh,Etawah,553.0,69.6,27.7,2.7,32.09,20.37,27.1,78.7,SUGARCANE,INCEPTISOLS 
839,Uttar Pradesh,Fatehpur,885.0,73.5,22.4,4.1,32.34,20.2,25.9,80.1,SUGARCANE,INCEPTISOLS 
840,Uttar Pradesh,Fatehpur,885.0,73.5,24.1,2.4,32.64,20.12,25.9,80.1,SUGARCANE,INCEPTISOLS 
841,Uttar Pradesh,Fatehpur,885.0,77.4,19.8,2.7,32.19,19.89,25.9,80.1,SUGARCANE,INCEPTISOLS 
842,Uttar Pradesh,Fatehpur,885.0,74.2,21.4,4.4,32.47,19.87,25.9,80.1,SUGARCANE,INCEPTISOLS 
843,Uttar Pradesh,Fatehpur,885.0,69.3,26.0,4.8,32.73,20.05,25.9,80.1,SUGARCANE,INCEPTISOLS 
844,Uttar Pradesh,Allahabad,1027.0,73.4,22.0,4.7,32.55,20.35,25.5,81.7,SUGARCANE,INCEPTISOLS 
845,Uttar Pradesh,Allahabad,1027.0,76.7,20.6,2.6,32.98,20.2,25.5,81.7,SUGARCANE,INCEPTISOLS 
846,Uttar Pradesh,Allahabad,1027.0,77.3,19.9,2.7,32.43,20.05,25.5,81.7,SUGARCANE,INCEPTISOLS 
847,Uttar Pradesh,Allahabad,1027.0,74.2,21.4,4.4,32.7,19.95,25.5,81.7,SUGARCANE,INCEPTISOLS 
848,Uttar Pradesh,Jhansi,999.0,58.7,39.0,2.3,32.89,19.52,25.5,78.6,SUGARCANE,INCEPTISOLS 
849,Uttar Pradesh,Jhansi,999.0,69.2,28.8,2.0,32.88,19.52,25.5,78.6,SUGARCANE,INCEPTISOLS 
850,Uttar Pradesh,Jhansi,999.0,76.8,20.4,2.8,32.48,19.1,25.5,78.6,SUGARCANE,INCEPTISOLS 
851,Uttar Pradesh,Jhansi,999.0,74.0,21.6,4.5,33.22,19.86,25.5,78.6,SUGARCANE,INCEPTISOLS 
852,Uttar Pradesh,Jhansi,999.0,69.1,26.0,4.9,33.08,20.03,25.5,78.6,SUGARCANE,INCEPTISOLS 
853,Uttar Pradesh,Jalaun,1045.0,67.3,30.6,2.1,32.54,19.88,26.0,79.5,SUGARCANE,INCEPTISOLS 
854,Uttar Pradesh,Jalaun,1045.0,71.0,27.0,1.9,32.4,20.13,26.0,79.5,SUGARCANE,INCEPTISOLS 
855,Uttar Pradesh,Jalaun,1045.0,75.1,22.0,2.9,32.34,19.58,26.0,79.5,SUGARCANE,INCEPTISOLS 
856,Uttar Pradesh,Jalaun,1045.0,73.3,22.0,4.7,32.35,19.83,26.0,79.5,SUGARCANE,INCEPTISOLS 
857,Uttar Pradesh,Banda,1005.0,61.4,35.4,3.1,32.76,20.25,25.5,80.4,SUGARCANE,INCEPTISOLS 
858,Uttar Pradesh,Banda,1005.0,69.6,28.4,2.0,33.07,20.2,25.5,80.4,SUGARCANE,INCEPTISOLS 
859,Uttar Pradesh,Banda,1005.0,76.3,20.9,2.8,32.6,19.96,25.5,80.4,SUGARCANE,INCEPTISOLS 
860,Uttar Pradesh,Banda,1005.0,73.8,21.7,4.5,32.88,19.95,25.5,80.4,SUGARCANE,INCEPTISOLS 
861,Uttar Pradesh,Banda,1005.0,69.0,26.0,5.0,33.15,20.13,25.5,80.4,SUGARCANE,INCEPTISOLS 
862,Uttar Pradesh,Varanasi,1114.0,65.0,28.5,6.5,32.57,20.66,25.3,83.0,SUGARCANE,INCEPTISOLS 
863,Uttar Pradesh,Varanasi,1114.0,61.3,35.1,3.6,32.91,20.48,25.3,83.0,SUGARCANE,INCEPTISOLS 
869,Uttar Pradesh,Jaunpur,1079.0,73.0,23.6,3.4,32.41,20.34,25.7,82.6,SUGARCANE,INCEPTISOLS 
870,Uttar Pradesh,Jaunpur,1079.0,73.1,23.7,3.1,32.75,20.18,25.7,82.6,SUGARCANE,INCEPTISOLS 
871,Uttar Pradesh,Jaunpur,1079.0,77.9,19.4,2.7,32.32,20.1,25.7,82.6,SUGARCANE,INCEPTISOLS 
872,Uttar Pradesh,Jaunpur,1079.0,74.4,21.3,4.3,32.34,19.95,25.7,82.6,SUGARCANE,INCEPTISOLS 
873,Uttar Pradesh,Ghazipur,1008.0,71.0,25.3,3.8,32.35,20.69,25.7,83.6,SUGARCANE,INCEPTISOLS 
874,Uttar Pradesh,Ghazipur,1008.0,70.7,26.7,2.6,32.61,20.47,25.7,83.6,SUGARCANE,INCEPTISOLS 
875,Uttar Pradesh,Ghazipur,1008.0,77.5,19.8,2.7,32.13,20.38,25.7,83.6,SUGARCANE,INCEPTISOLS 
876,Uttar Pradesh,Ghazipur,1008.0,74.2,21.4,4.4,32.14,20.25,25.7,83.6,SUGARCANE,INCEPTISOLS 
877,Uttar Pradesh,Ghazipur,1008.0,69.3,26.0,4.8,32.15,20.3,25.7,83.6,SUGARCANE,INCEPTISOLS 
878,Uttar Pradesh,Ballia,1085.0,72.7,23.8,3.4,31.76,20.56,25.9,84.0,SUGARCANE,INCEPTISOLS 
879,Uttar Pradesh,Ballia,1085.0,70.0,27.8,2.2,31.98,20.32,25.9,84.0,SUGARCANE,INCEPTISOLS 
880,Uttar Pradesh,Ballia,1085.0,77.4,19.8,2.7,31.5,20.24,25.9,84.0,SUGARCANE,INCEPTISOLS 
881,Uttar Pradesh,Ballia,1085.0,74.2,21.4,4.4,31.51,20.11,25.9,84.0,SUGARCANE,INCEPTISOLS 
882,Uttar Pradesh,Gorakhpur,1274.0,72.9,22.6,4.5,31.37,19.95,26.8,83.4,SUGARCANE,INCEPTISOLS 
883,Uttar Pradesh,Gorakhpur,1274.0,69.6,25.9,4.5,31.63,19.77,26.8,83.4,SUGARCANE,INCEPTISOLS 
884,Uttar Pradesh,Deoria,1237.0,68.1,25.8,6.1,31.45,20.09,26.8,83.9,SUGARCANE,INCEPTISOLS 
885,Uttar Pradesh,Deoria,1237.0,70.8,24.9,4.3,31.7,19.89,26.8,83.9,SUGARCANE,INCEPTISOLS 
886,Uttar Pradesh,Basti,1234.0,69.2,25.8,5.0,31.41,19.71,26.8,82.8,SUGARCANE,INCEPTISOLS 
887,Uttar Pradesh,Basti,1234.0,74.5,22.4,3.1,31.59,19.64,26.8,82.8,SUGARCANE,INCEPTISOLS 
888,Uttar Pradesh,Basti,1234.0,77.3,19.9,2.7,31.25,19.49,26.8,82.8,SUGARCANE,INCEPTISOLS 
889,Uttar Pradesh,Basti,1234.0,74.2,21.4,4.4,31.26,19.49,26.8,82.8,SUGARCANE,INCEPTISOLS 
890,Uttar Pradesh,Basti,1234.0,69.3,26.0,4.8,31.39,19.58,26.8,82.8,SUGARCANE,INCEPTISOLS 
891,Uttar Pradesh,Azamgarh,1048.0,72.1,25.2,2.7,32.23,20.19,26.0,83.2,SUGARCANE,INCEPTISOLS 
892,Uttar Pradesh,Azamgarh,1048.0,75.2,22.8,2.0,32.5,20.02,26.0,83.2,SUGARCANE,INCEPTISOLS 
893,Uttar Pradesh,Azamgarh,1048.0,77.6,19.7,2.7,32.08,19.94,26.0,83.2,SUGARCANE,INCEPTISOLS 
894,Uttar Pradesh,Azamgarh,1048.0,74.3,21.4,4.3,32.07,19.83,26.0,83.2,SUGARCANE,INCEPTISOLS 
895,Uttar Pradesh,Azamgarh,1048.0,69.3,26.0,4.7,32.12,19.89,26.0,83.2,SUGARCANE,INCEPTISOLS 
896,Uttar Pradesh,Lucknow,992.0,73.3,23.3,3.3,31.74,19.95,26.9,80.9,SUGARCANE,INCEPTISOLS 
897,Uttar Pradesh,Lucknow,992.0,79.1,19.3,1.7,31.8,20.02,26.9,80.9,SUGARCANE,INCEPTISOLS 
898,Uttar Pradesh,Unnao,946.0,73.8,23.9,2.3,31.96,20.09,26.6,80.5,SUGARCANE,INCEPTISOLS 
899,Uttar Pradesh,Unnao,946.0,72.1,25.8,2.1,32.01,20.18,26.6,80.5,SUGARCANE,INCEPTISOLS 
900,Uttar Pradesh,Sitapur,1099.0,74.0,23.7,2.4,31.34,19.87,27.6,80.8,SUGARCANE,INCEPTISOLS 
901,Uttar Pradesh,Sitapur,1099.0,77.1,21.1,1.7,31.33,19.94,27.6,80.8,SUGARCANE,INCEPTISOLS 
902,Uttar Pradesh,Sitapur,1099.0,77.5,19.8,2.7,31.16,19.54,27.6,80.8,SUGARCANE,INCEPTISOLS 
903,Uttar Pradesh,Sitapur,1099.0,74.2,21.4,4.4,31.16,19.68,27.6,80.8,SUGARCANE,INCEPTISOLS 
904,Uttar Pradesh,Sitapur,1099.0,69.3,26.0,4.8,31.33,19.82,27.6,80.8,SUGARCANE,INCEPTISOLS 
905,Uttar Pradesh,Hardoi,1062.0,74.8,23.5,1.8,31.72,19.91,27.4,80.1,SUGARCANE,INCEPTISOLS 
906,Uttar Pradesh,Hardoi,1062.0,68.8,27.6,3.5,31.67,20.03,27.4,80.1,SUGARCANE,INCEPTISOLS 
907,Uttar Pradesh,Hardoi,1062.0,77.4,19.9,2.7,31.51,19.57,27.4,80.1,SUGARCANE,INCEPTISOLS 
908,Uttar Pradesh,Hardoi,1062.0,74.2,21.4,4.4,31.52,19.76,27.4,80.1,SUGARCANE,INCEPTISOLS 
909,Uttar Pradesh,Hardoi,1062.0,69.3,26.0,4.8,31.72,19.91,27.4,80.1,SUGARCANE,INCEPTISOLS 
910,Uttar Pradesh,Kheri,1132.0,80.8,17.3,2.0,30.95,19.76,27.9,80.8,SUGARCANE,INCEPTISOLS 
911,Uttar Pradesh,Kheri,1132.0,76.8,21.3,1.9,30.88,19.85,27.9,80.8,SUGARCANE,INCEPTISOLS 
912,Uttar Pradesh,Kheri,1132.0,77.6,19.7,2.7,30.76,19.43,27.9,80.8,SUGARCANE,INCEPTISOLS 
913,Uttar Pradesh,Kheri,1132.0,74.3,21.4,4.3,30.76,19.61,27.9,80.8,SUGARCANE,INCEPTISOLS 
914,Uttar Pradesh,Faizabad,1169.0,71.1,25.0,3.9,31.73,19.85,26.5,82.4,SUGARCANE,INCEPTISOLS 
915,Uttar Pradesh,Faizabad,1169.0,69.8,27.5,2.8,31.86,19.81,26.5,82.4,SUGARCANE,INCEPTISOLS 
916,Uttar Pradesh,Gonda,1294.0,71.0,24.7,4.3,31.5,19.68,27.1,82.0,SUGARCANE,INCEPTISOLS 
917,Uttar Pradesh,Gonda,1294.0,74.1,23.3,2.6,31.62,19.66,27.1,82.0,SUGARCANE,INCEPTISOLS 
918,Uttar Pradesh,Gonda,1294.0,77.8,19.5,2.7,31.31,19.41,27.1,82.0,SUGARCANE,INCEPTISOLS 
919,Uttar Pradesh,Gonda,1294.0,74.3,21.3,4.3,31.34,19.48,27.1,82.0,SUGARCANE,INCEPTISOLS 
920,Uttar Pradesh,Gonda,1294.0,69.3,26.0,4.7,31.45,19.57,27.1,82.0,SUGARCANE,INCEPTISOLS 
921,Uttar Pradesh,Bahraich,1177.0,63.9,27.3,8.8,31.28,19.64,27.6,81.6,SUGARCANE,INCEPTISOLS 
922,Uttar Pradesh,Bahraich,1177.0,67.6,26.8,5.6,31.31,19.66,27.6,81.6,SUGARCANE,INCEPTISOLS 
923,Uttar Pradesh,Bahraich,1177.0,77.8,19.5,2.7,31.1,19.34,27.6,81.6,SUGARCANE,INCEPTISOLS 
924,Uttar Pradesh,Bahraich,1177.0,74.4,21.3,4.3,31.13,19.47,27.6,81.6,SUGARCANE,INCEPTISOLS 
925,Uttar Pradesh,Bahraich,1177.0,69.4,26.0,4.7,31.27,19.59,27.6,81.6,SUGARCANE,INCEPTISOLS 
926,Uttar Pradesh,Sultanpur,1111.0,72.0,24.5,3.5,32.05,20.08,26.2,82.0,SUGARCANE,INCEPTISOLS 
927,Uttar Pradesh,Sultanpur,1111.0,73.2,23.9,2.9,32.25,20.01,26.2,82.0,SUGARCANE,INCEPTISOLS 
928,Uttar Pradesh,Sultanpur,1111.0,78.4,19.0,2.7,31.92,19.82,26.2,82.0,SUGARCANE,INCEPTISOLS 
929,Uttar Pradesh,Sultanpur,1111.0,74.6,21.2,4.2,31.89,19.82,26.2,82.0,SUGARCANE,INCEPTISOLS 
930,Uttar Pradesh,Pratapgarh,1035.0,70.9,25.1,4.0,32.51,20.1,25.8,81.8,SUGARCANE,INCEPTISOLS 
931,Uttar Pradesh,Pratapgarh,1035.0,73.0,23.8,3.1,32.35,19.71,25.8,81.8,SUGARCANE,INCEPTISOLS 
932,Uttar Pradesh,Pratapgarh,1035.0,77.7,19.6,2.7,32.03,19.55,25.8,81.8,SUGARCANE,INCEPTISOLS 
933,Uttar Pradesh,Pratapgarh,1035.0,74.3,21.4,4.3,32.83,20.25,25.8,81.8,SUGARCANE,INCEPTISOLS 
934,Uttar Pradesh,Barabanki,1089.0,76.5,21.3,2.2,31.56,19.83,26.9,81.3,SUGARCANE,INCEPTISOLS 
935,Uttar Pradesh,Barabanki,1089.0,71.8,26.4,1.9,31.65,19.87,26.9,81.3,SUGARCANE,INCEPTISOLS 
936,Uttar Pradesh,Barabanki,1089.0,77.4,19.9,2.7,31.38,19.51,26.9,81.3,SUGARCANE,INCEPTISOLS 
937,Uttar Pradesh,Barabanki,1089.0,74.2,21.4,4.4,31.43,19.6,26.9,81.3,SUGARCANE,INCEPTISOLS 
938,Uttarakhand,Nainital,1360.0,71.5,20.1,8.4,26.64,16.65,29.5,79.7,SUGARCANE,INCEPTISOLS 
939,Uttarakhand,Nainital,1360.0,70.6,20.4,9.0,26.34,16.85,29.5,79.7,SUGARCANE,INCEPTISOLS 
940,Uttarakhand,Nainital,1360.0,76.1,17.1,6.8,26.45,16.31,29.5,79.7,SUGARCANE,INCEPTISOLS 
941,Uttarakhand,Nainital,1360.0,79.6,14.7,5.7,26.36,16.56,29.5,79.7,SUGARCANE,INCEPTISOLS 
942,Uttarakhand,Nainital,1360.0,83.0,12.9,4.1,26.52,16.67,29.5,79.7,SUGARCANE,INCEPTISOLS 
1099,Orissa,Bolangir,1588.0,60.4,23.8,15.8,32.63,21.41,20.3,83.2,SUGARCANE,USTALF/USTOLLS 
1100,Orissa,Bolangir,1588.0,62.4,24.8,12.8,33.39,22.0,20.3,83.2,SUGARCANE,USTALF/USTOLLS 
1101,Orissa,Bolangir,1588.0,61.4,27.4,11.2,32.93,21.53,20.3,83.2,SUGARCANE,USTALF/USTOLLS 
1102,Orissa,Bolangir,1588.0,63.5,23.6,13.0,33.12,21.75,20.3,83.2,MAIZE,USTALF/USTOLLS 
1111,Orissa,Ganjam,1311.0,78.6,18.4,3.0,30.57,22.18,19.3,84.9,SUGARCANE,ORTHIDS 
1112,Orissa,Ganjam,1311.0,78.8,17.0,4.2,31.14,22.63,19.3,84.9,SUGARCANE,ORTHIDS 
1113,Orissa,Ganjam,1311.0,78.8,13.3,7.9,30.76,22.26,19.3,84.9,SUGARCANE,ORTHIDS 
1114,Orissa,Ganjam,1311.0,75.8,17.2,7.0,30.89,22.46,19.3,84.9,MAIZE,ORTHIDS 
1115,Orissa,Kalahandi,1511.0,63.4,24.5,12.1,31.2,20.48,19.3,83.1,SUGARCANE,USTALF/USTOLLS 
1116,Orissa,Kalahandi,1511.0,59.2,30.3,10.5,31.96,21.14,19.3,83.1,SUGARCANE,USTALF/USTOLLS 
1117,Orissa,Kalahandi,1511.0,61.5,25.9,12.6,31.55,20.69,19.3,83.1,SUGARCANE,USTALF/USTOLLS 
1118,Orissa,Kalahandi,1511.0,63.9,25.6,10.5,31.75,20.94,19.3,83.1,MAIZE,USTALF/USTOLLS 
1119,Orissa,Keonjhar,1422.0,59.4,33.6,7.0,30.95,20.36,21.6,85.6,SUGARCANE,USTALF/USTOLLS 
1120,Orissa,Keonjhar,1422.0,65.1,26.6,8.3,30.94,20.11,21.6,85.6,SUGARCANE,USTALF/USTOLLS 
1121,Orissa,Keonjhar,1422.0,57.7,32.5,9.8,30.54,19.84,21.6,85.6,SUGARCANE,USTALF/USTOLLS 
1122,Orissa,Keonjhar,1422.0,54.6,35.0,10.4,30.64,19.97,21.6,85.6,MAIZE,USTALF/USTOLLS 
1127,Orissa,Mayurbhanja,1361.0,59.6,30.5,9.9,30.7,20.64,19.1,86.4,SUGARCANE,USTALF/USTOLLS 
1128,Orissa,Mayurbhanja,1361.0,67.8,22.9,9.3,30.71,20.19,19.1,86.4,SUGARCANE,USTALF/USTOLLS 
1129,Orissa,Mayurbhanja,1361.0,62.4,27.3,10.3,30.33,19.91,19.1,86.4,RICE,USTALF/USTOLLS 
1130,Orissa,Mayurbhanja,1361.0,60.4,28.6,11.0,30.39,20.02,19.1,86.4,MAIZE,USTALF/USTOLLS 
1131,Orissa,Puri,1440.0,61.1,23.5,15.4,30.42,22.88,19.8,85.8,SUGARCANE,ORTHIDS 
1132,Orissa,Puri,1440.0,62.0,23.7,14.3,30.81,23.17,19.8,85.8,SUGARCANE,ORTHIDS 
1133,Orissa,Puri,1440.0,62.7,22.5,14.8,30.44,22.84,19.8,85.8,SUGARCANE,ORTHIDS 
1134,Orissa,Puri,1440.0,59.5,24.2,16.2,30.63,23.05,19.8,85.8,MAIZE,ORTHIDS 
1135,Orissa,Sambalpur,1764.0,60.1,29.1,10.8,32.31,20.57,21.5,84.0,SUGARCANE,USTALF/USTOLLS 
1136,Orissa,Sambalpur,1764.0,63.6,25.0,11.4,32.7,20.86,21.5,84.0,SUGARCANE,USTALF/USTOLLS 
1137,Orissa,Sambalpur,1764.0,63.5,25.8,10.7,32.11,20.45,21.5,84.0,SUGARCANE,USTALF/USTOLLS 
1138,Orissa,Sambalpur,1764.0,64.8,24.2,11.0,32.3,20.64,21.5,84.0,MAIZE,USTALF/USTOLLS 
1139,Orissa,Sundargarh,1572.0,64.8,30.5,4.7,32.15,20.43,21.5,84.9,SUGARCANE,USTALF/USTOLLS 
1140,Orissa,Sundargarh,1572.0,64.3,27.5,8.2,32.26,20.29,21.5,84.9,SUGARCANE,USTALF/USTOLLS 
1141,Orissa,Sundargarh,1572.0,60.1,30.0,9.9,31.79,20.03,21.5,84.9,SUGARCANE,USTALF/USTOLLS 
1142,Orissa,Sundargarh,1572.0,62.7,27.0,10.3,31.9,20.16,21.5,84.9,MAIZE,USTALF/USTOLLS 
1143,West Bengal,Nadia,1434.0,56.0,26.3,17.7,32.01,20.92,23.4,88.5,SUGARCANE,ORTHIDS 
1144,West Bengal,Nadia,1434.0,59.6,23.6,16.7,31.79,20.31,23.4,88.5,SUGARCANE,ORTHIDS 
1145,West Bengal,Nadia,1434.0,63.7,20.1,16.3,31.44,20.21,23.4,88.5,SUGARCANE,ORTHIDS 
1146,West Bengal,Nadia,1434.0,60.6,22.1,17.2,31.36,20.28,23.4,88.5,SUGARCANE,ORTHIDS 
1147,West Bengal,Nadia,1434.0,60.2,26.0,13.8,31.44,20.34,23.4,88.5,SUGARCANE,ORTHIDS 
1162,West Bengal,Bankura,1373.0,43.7,34.1,22.2,32.02,21.58,24.4,87.2,SUGARCANE,USTALF/USTOLLS 
1163,West Bengal,Bankura,1373.0,47.5,36.2,16.2,31.89,20.99,24.4,87.2,MAIZE,USTALF/USTOLLS 
1164,West Bengal,Bankura,1373.0,52.7,23.4,24.0,31.5,20.71,24.4,87.2,RICE,USTALF/USTOLLS 
1165,West Bengal,Bankura,1373.0,46.9,29.5,23.6,31.5,20.81,24.4,87.2,SUGARCANE,USTALF/USTOLLS 
1166,West Bengal,Hooghly,1622.0,38.1,35.2,26.7,31.65,21.56,22.9,88.3,SUGARCANE,ORTHIDS 
1167,West Bengal,Hooghly,1622.0,40.3,34.2,25.5,31.49,20.96,22.9,88.3,RICE,ORTHIDS 
1168,West Bengal,Hooghly,1622.0,43.9,26.5,29.6,31.14,20.71,22.9,88.3,SUGARCANE,ORTHIDS 
1169,West Bengal,Hooghly,1622.0,40.7,30.9,28.4,31.13,20.83,22.9,88.3,SUGARCANE,ORTHIDS 
1170,West Bengal,Hooghly,1622.0,39.8,32.3,27.9,31.22,20.9,22.9,88.3,SUGARCANE,ORTHIDS 
1171,West Bengal,Howrah,1831.0,45.8,32.4,21.8,31.34,21.98,22.6,88.0,SUGARCANE,INCEPTISOLS 
1172,West Bengal,Howrah,1831.0,48.7,25.7,25.6,31.25,21.39,22.6,88.0,SUGARCANE,INCEPTISOLS 
1173,West Bengal,Howrah,1831.0,59.4,19.6,21.0,30.91,21.06,22.6,88.0,GROUNDNUT,INCEPTISOLS 
1174,West Bengal,Howrah,1831.0,46.9,29.9,23.2,30.93,21.2,22.6,88.0,RICE,INCEPTISOLS 
1175,West Bengal,Howrah,1831.0,51.6,29.4,18.9,31.01,21.27,22.6,88.0,SUGARCANE,INCEPTISOLS 
1176,West Bengal,Jalpaiguri,3390.0,53.6,23.5,22.9,29.79,20.17,26.5,88.7,SUGARCANE,INCEPTISOLS 
1177,West Bengal,Jalpaiguri,3390.0,56.2,23.5,20.3,29.65,19.63,26.5,88.7,SUGARCANE,INCEPTISOLS 
1178,West Bengal,Jalpaiguri,3390.0,59.1,14.7,26.3,29.58,19.97,26.5,88.7,SUGARCANE,INCEPTISOLS 
1179,West Bengal,Jalpaiguri,3390.0,55.3,20.3,24.4,29.5,19.8,26.5,88.7,SUGARCANE,INCEPTISOLS 
1180,West Bengal,Darjeeling,2759.0,43.9,42.4,13.7,25.78,17.12,27.1,88.3,SUGARCANE,INCEPTISOLS 
1181,West Bengal,Darjeeling,2759.0,50.9,20.9,28.2,25.73,16.66,27.1,88.3,SUGARCANE,INCEPTISOLS 
1182,West Bengal,Darjeeling,2759.0,0.0,0.0,0.0,25.56,16.77,27.1,88.3,MAIZE,INCEPTISOLS 
1183,West Bengal,Darjeeling,2759.0,0.0,0.0,0.0,25.37,16.73,27.1,88.3,SUGARCANE,INCEPTISOLS 
1184,West Bengal,Malda,1410.0,55.7,26.0,18.3,30.98,20.41,25.0,88.1,SUGARCANE,INCEPTISOLS 
1185,West Bengal,Malda,1410.0,57.9,25.3,16.8,30.78,19.81,25.0,88.1,SUGARCANE,INCEPTISOLS 
1186,West Bengal,Malda,1410.0,64.6,19.1,16.3,30.56,19.94,25.0,88.1,SUGARCANE,INCEPTISOLS 
1187,West Bengal,Malda,1410.0,59.3,23.2,17.5,30.47,19.94,25.0,88.1,SUGARCANE,INCEPTISOLS 
1188,West Bengal,Malda,1410.0,59.3,23.7,16.9,30.32,19.92,25.0,88.1,SUGARCANE,INCEPTISOLS 
1189,West Bengal,Cooch Behar,2896.0,51.7,30.5,17.8,29.97,20.15,26.0,89.5,SUGARCANE,INCEPTISOLS 
1190,West Bengal,Cooch Behar,2896.0,60.4,23.5,16.1,29.71,19.54,26.0,89.5,SUGARCANE,INCEPTISOLS 
1191,West Bengal,Purulia,1307.0,60.1,26.6,13.3,31.97,21.24,23.0,86.4,SUGARCANE,USTALF/USTOLLS 
1192,West Bengal,Purulia,1307.0,61.4,26.3,12.3,31.98,20.79,23.0,86.4,SUGARCANE,USTALF/USTOLLS 
1193,West Bengal,Purulia,1307.0,79.4,11.0,9.6,31.56,20.53,23.0,86.4,SUGARCANE,USTALF/USTOLLS 
1194,West Bengal,Purulia,1307.0,55.6,26.2,18.2,31.56,20.57,23.0,86.4,SUGARCANE,USTALF/USTOLLS 
1195,West Bengal,Purulia,1307.0,60.1,30.0,9.9,31.52,20.59,23.0,86.4,SUGARCANE,USTALF/USTOLLS 
1196,Bihar,Muzaffarpur,1250.0,69.9,21.4,8.7,30.67,19.9,26.1,85.4,WHEAT,INCEPTISOLS 
1197,Bihar,Muzaffarpur,1250.0,75.6,18.6,5.8,30.82,19.61,26.1,85.4,SUGARCANE,INCEPTISOLS 
1198,Bihar,Muzaffarpur,1250.0,74.1,17.2,8.7,30.36,19.52,26.1,85.4,SUGARCANE,INCEPTISOLS 
1199,Bihar,Muzaffarpur,1250.0,73.9,17.4,8.8,30.45,19.51,26.1,85.4,SUGARCANE,INCEPTISOLS 
1200,Bihar,Muzaffarpur,1250.0,74.3,19.8,5.9,30.33,19.47,26.1,85.4,SUGARCANE,INCEPTISOLS 
1201,Bihar,Darbhanga,1258.0,70.5,23.7,5.8,30.63,19.75,26.1,85.6,WHEAT,INCEPTISOLS 
1202,Bihar,Darbhanga,1258.0,70.1,24.5,5.4,30.71,19.38,26.1,85.6,SUGARCANE,INCEPTISOLS 
1203,Bihar,Darbhanga,1258.0,75.0,17.3,7.7,30.28,19.33,26.1,85.6,SUGARCANE,INCEPTISOLS 
1204,Bihar,Darbhanga,1258.0,67.9,23.6,8.5,30.38,19.34,26.1,85.6,SUGARCANE,INCEPTISOLS 
1205,Bihar,Darbhanga,1258.0,72.9,21.4,5.8,30.16,19.29,26.1,85.6,SUGARCANE,INCEPTISOLS 
1206,Bihar,Saharsa,1525.0,67.5,19.4,13.1,30.92,19.98,26.2,86.8,MAIZE,INCEPTISOLS 
1207,Bihar,Saharsa,1525.0,74.1,17.0,8.9,30.93,19.53,26.2,86.8,SUGARCANE,INCEPTISOLS 
1208,Bihar,Saharsa,1525.0,75.5,13.7,10.9,30.54,19.51,26.2,86.8,MAIZE,INCEPTISOLS 
1209,Bihar,Saharsa,1525.0,70.3,16.2,13.5,30.63,19.51,26.2,86.8,SUGARCANE,INCEPTISOLS 
1210,Bihar,Saharsa,1525.0,70.2,18.6,11.2,30.4,19.49,26.2,86.8,SUGARCANE,INCEPTISOLS 
1211,Bihar,Purnea,1483.0,60.6,25.0,14.4,31.08,19.93,25.8,87.5,MAIZE,INCEPTISOLS 
1212,Bihar,Purnea,1483.0,62.5,28.2,9.3,31.02,19.44,25.8,87.5,SUGARCANE,INCEPTISOLS 
1213,Bihar,Purnea,1483.0,65.3,20.2,14.4,30.7,19.46,25.8,87.5,SUGARCANE,INCEPTISOLS 
1214,Bihar,Purnea,1483.0,64.9,20.2,15.0,30.71,19.4,25.8,87.5,SUGARCANE,INCEPTISOLS 
1215,Bihar,Purnea,1483.0,63.3,25.5,11.3,30.58,19.4,25.8,87.5,MAIZE,INCEPTISOLS 
1216,Bihar,Saran,1168.0,68.2,23.9,7.9,31.08,20.44,26.0,84.8,WHEAT,INCEPTISOLS 
1217,Bihar,Saran,1168.0,71.2,23.3,5.5,31.24,20.15,26.0,84.8,SUGARCANE,INCEPTISOLS 
1218,Bihar,Saran,1168.0,75.0,19.8,5.1,30.78,20.07,26.0,84.8,SUGARCANE,INCEPTISOLS 
1219,Bihar,Saran,1168.0,76.2,17.3,6.6,30.84,20.02,26.0,84.8,SUGARCANE,INCEPTISOLS 
1220,Bihar,Saran,1168.0,75.5,21.0,3.5,30.77,20.0,26.0,84.8,SUGARCANE,INCEPTISOLS 
1221,Bihar,Patna,1110.0,73.7,20.3,6.0,31.49,21.0,25.6,85.0,WHEAT,INCEPTISOLS 
1222,Bihar,Patna,1110.0,76.5,16.9,6.6,31.62,20.67,25.6,85.0,SUGARCANE,INCEPTISOLS 
1223,Bihar,Patna,1110.0,79.3,15.1,5.6,31.14,20.58,25.6,85.0,SUGARCANE,INCEPTISOLS 
1224,Bihar,Patna,1110.0,77.7,18.8,3.5,31.22,20.55,25.6,85.0,SUGARCANE,INCEPTISOLS 
1225,Bihar,Patna,1110.0,80.8,17.0,2.2,31.1,20.54,25.6,85.0,SUGARCANE,INCEPTISOLS 
1226,Bihar,Mungair,956.0,74.4,17.4,8.2,31.54,20.69,24.9,86.2,MAIZE,USTALF/USTOLLS 
1227,Bihar,Mungair,956.0,66.5,26.4,7.1,31.53,20.23,24.9,86.2,SUGARCANE,USTALF/USTOLLS 
1228,Bihar,Mungair,956.0,82.5,10.6,6.9,31.17,20.2,24.9,86.2,SUGARCANE,USTALF/USTOLLS 
1229,Bihar,Mungair,956.0,81.4,11.6,7.0,31.19,20.16,24.9,86.2,SUGARCANE,USTALF/USTOLLS 
1230,Bihar,Mungair,956.0,79.9,13.0,7.1,30.99,20.12,24.9,86.2,SUGARCANE,USTALF/USTOLLS 
1231,Bihar,Bhagalpur,1146.0,70.5,20.5,8.9,31.51,20.45,25.15,87.01,MAIZE,INCEPTISOLS 
1232,Bihar,Bhagalpur,1146.0,73.6,20.9,5.5,31.44,19.95,25.15,87.01,SUGARCANE,INCEPTISOLS 
1233,Bihar,Bhagalpur,1146.0,79.2,11.7,9.1,31.13,19.96,25.15,87.01,SUGARCANE,INCEPTISOLS 
1234,Bihar,Bhagalpur,1146.0,75.6,12.5,11.9,31.11,19.89,25.15,87.01,SUGARCANE,INCEPTISOLS 
1235,Bihar,Bhagalpur,1146.0,72.8,21.1,6.1,30.92,19.86,25.15,87.01,SUGARCANE,INCEPTISOLS 
1236,Jharkhand,Hazaribagh,1319.0,67.8,24.5,7.7,30.59,19.64,24.0,85.4,RICE,USTALF/USTOLLS 
1237,Jharkhand,Hazaribagh,1319.0,82.2,15.7,2.1,30.7,19.27,24.0,85.4,SUGARCANE,USTALF/USTOLLS 
1239,Jharkhand,Hazaribagh,1319.0,88.0,10.3,1.6,30.25,19.05,24.0,85.4,SUGARCANE,USTALF/USTOLLS 
1240,Jharkhand,Hazaribagh,1319.0,74.0,23.0,3.0,30.22,19.08,24.0,85.4,WHEAT,USTALF/USTOLLS 
1241,Jharkhand,Dhanbad,1198.0,77.6,18.5,4.0,31.86,21.21,23.8,86.4,RICE,USTALF/USTOLLS 
1243,Jharkhand,Dhanbad,1198.0,93.0,7.0,0.0,31.5,20.59,23.8,86.4,RICE,USTALF/USTOLLS 
1246,Jharkhand,Palamau,1237.0,79.5,19.0,1.5,31.73,19.88,24.1,84.1,SUGARCANE,USTALF/USTOLLS 
1247,Jharkhand,Palamau,1237.0,70.3,26.5,3.2,31.98,19.62,24.1,84.1,SUGARCANE,USTALF/USTOLLS 
1248,Jharkhand,Palamau,1237.0,71.1,25.0,3.9,31.47,19.4,24.1,84.1,SUGARCANE,USTALF/USTOLLS 
1249,Jharkhand,Palamau,1237.0,93.7,5.0,1.3,31.47,19.32,24.1,84.1,SUGARCANE,USTALF/USTOLLS 
1250,Jharkhand,Palamau,1237.0,86.0,12.6,1.4,31.52,19.41,24.1,84.1,WHEAT,USTALF/USTOLLS 
1251,Jharkhand,Ranchi,1462.0,63.9,27.7,8.4,30.22,19.15,23.4,85.0,RICE,USTALF/USTOLLS 
1252,Jharkhand,Ranchi,1462.0,70.8,26.5,2.8,30.38,18.78,23.4,85.0,SUGARCANE,USTALF/USTOLLS 
1253,Jharkhand,Ranchi,1462.0,78.1,18.0,3.9,29.92,18.53,23.4,85.0,SUGARCANE,USTALF/USTOLLS 
1254,Jharkhand,Ranchi,1462.0,65.1,29.7,5.2,29.89,18.5,23.4,85.0,SUGARCANE,USTALF/USTOLLS 
